CRITICAL - 2026-05-09 16:41:26 --> ErrorException: Uncaught CodeIgniter\Exceptions\PageNotFoundException: Can't find a route for 'CLI: /'. in /home/hatsugoki/Projet SI/Regime/system/CodeIgniter.php:1001
Stack trace:
#0 /home/hatsugoki/Projet SI/Regime/system/CodeIgniter.php(1001): CodeIgniter\Exceptions\PageNotFoundException::forPageNotFound()
#1 /home/hatsugoki/Projet SI/Regime/system/CodeIgniter.php(346): CodeIgniter\CodeIgniter->display404errors()
#2 /home/hatsugoki/Projet SI/Regime/system/Boot.php(417): CodeIgniter\CodeIgniter->run()
#3 /home/hatsugoki/Projet SI/Regime/system/Boot.php(68): CodeIgniter\Boot::runCodeIgniter()
#4 /home/hatsugoki/Projet SI/Regime/public/index.php(59): CodeIgniter\Boot::bootWeb()
#5 Command line code(1): require('...')
#6 {main}
  thrown
[Method: CLI, Route: /]
in SYSTEMPATH/CodeIgniter.php on line 1001.
 1 [internal function]: CodeIgniter\Debug\Exceptions->shutdownHandler()
CRITICAL - 2026-05-09 16:49:05 --> CodeIgniter\Filters\Exceptions\FilterException: "auth,role" filter must have a matching alias defined.
[Method: CLI, Route: routes]
in SYSTEMPATH/Filters/Filters.php on line 590.
 1 SYSTEMPATH/Filters/Filters.php(590): CodeIgniter\Filters\Exceptions\FilterException::forNoAlias()
 2 SYSTEMPATH/Filters/Filters.php(641): CodeIgniter\Filters\Filters->enableFilter()
 3 SYSTEMPATH/Commands/Utilities/Routes/FilterFinder.php(58): CodeIgniter\Filters\Filters->enableFilters()
 4 SYSTEMPATH/Commands/Utilities/Routes/FilterCollector.php(78): CodeIgniter\Commands\Utilities\Routes\FilterFinder->find()
 5 SYSTEMPATH/Commands/Utilities/Routes.php(110): CodeIgniter\Commands\Utilities\Routes\FilterCollector->get()
 6 SYSTEMPATH/CLI/Commands.php(74): CodeIgniter\Commands\Utilities\Routes->run()
 7 SYSTEMPATH/CLI/Console.php(47): CodeIgniter\CLI\Commands->run()
 8 SYSTEMPATH/Boot.php(442): CodeIgniter\CLI\Console->run()
 9 SYSTEMPATH/Boot.php(166): CodeIgniter\Boot::runCommand()
10 ROOTPATH/spark(87): CodeIgniter\Boot::bootSpark()
ERROR - 2026-05-09 16:51:44 --> Error connecting to the database: mysqli_sql_exception: No such file or directory in /home/hatsugoki/Projet SI/Regime/system/Database/MySQLi/Connection.php:201
Stack trace:
#0 /home/hatsugoki/Projet SI/Regime/system/Database/MySQLi/Connection.php(201): mysqli->real_connect()
#1 /home/hatsugoki/Projet SI/Regime/system/Database/BaseConnection.php(555): CodeIgniter\Database\MySQLi\Connection->connect()
#2 /home/hatsugoki/Projet SI/Regime/system/Database/BaseConnection.php(795): CodeIgniter\Database\BaseConnection->initialize()
#3 /home/hatsugoki/Projet SI/Regime/system/Database/BaseBuilder.php(1649): CodeIgniter\Database\BaseConnection->query()
#4 /home/hatsugoki/Projet SI/Regime/system/Model.php(253): CodeIgniter\Database\BaseBuilder->get()
#5 /home/hatsugoki/Projet SI/Regime/system/BaseModel.php(676): CodeIgniter\Model->doFindAll()
#6 /home/hatsugoki/Projet SI/Regime/app/Controllers/AuthController.php(44): CodeIgniter\BaseModel->findAll()
#7 /home/hatsugoki/Projet SI/Regime/app/Controllers/AuthController.php(237): App\Controllers\AuthController->getGenres()
#8 /home/hatsugoki/Projet SI/Regime/system/CodeIgniter.php(951): App\Controllers\AuthController->registerForm()
#9 /home/hatsugoki/Projet SI/Regime/system/CodeIgniter.php(497): CodeIgniter\CodeIgniter->runController()
#10 /home/hatsugoki/Projet SI/Regime/system/CodeIgniter.php(340): CodeIgniter\CodeIgniter->handleRequest()
#11 /home/hatsugoki/Projet SI/Regime/system/Boot.php(417): CodeIgniter\CodeIgniter->run()
#12 /home/hatsugoki/Projet SI/Regime/system/Boot.php(68): CodeIgniter\Boot::runCodeIgniter()
#13 /home/hatsugoki/Projet SI/Regime/public/index.php(59): CodeIgniter\Boot::bootWeb()
#14 /home/hatsugoki/Projet SI/Regime/system/rewrite.php(44): require_once('...')
#15 {main}

Next CodeIgniter\Database\Exceptions\DatabaseException: No such file or directory in /home/hatsugoki/Projet SI/Regime/system/Database/MySQLi/Connection.php:231
Stack trace:
#0 /home/hatsugoki/Projet SI/Regime/system/Database/BaseConnection.php(555): CodeIgniter\Database\MySQLi\Connection->connect()
#1 /home/hatsugoki/Projet SI/Regime/system/Database/BaseConnection.php(795): CodeIgniter\Database\BaseConnection->initialize()
#2 /home/hatsugoki/Projet SI/Regime/system/Database/BaseBuilder.php(1649): CodeIgniter\Database\BaseConnection->query()
#3 /home/hatsugoki/Projet SI/Regime/system/Model.php(253): CodeIgniter\Database\BaseBuilder->get()
#4 /home/hatsugoki/Projet SI/Regime/system/BaseModel.php(676): CodeIgniter\Model->doFindAll()
#5 /home/hatsugoki/Projet SI/Regime/app/Controllers/AuthController.php(44): CodeIgniter\BaseModel->findAll()
#6 /home/hatsugoki/Projet SI/Regime/app/Controllers/AuthController.php(237): App\Controllers\AuthController->getGenres()
#7 /home/hatsugoki/Projet SI/Regime/system/CodeIgniter.php(951): App\Controllers\AuthController->registerForm()
#8 /home/hatsugoki/Projet SI/Regime/system/CodeIgniter.php(497): CodeIgniter\CodeIgniter->runController()
#9 /home/hatsugoki/Projet SI/Regime/system/CodeIgniter.php(340): CodeIgniter\CodeIgniter->handleRequest()
#10 /home/hatsugoki/Projet SI/Regime/system/Boot.php(417): CodeIgniter\CodeIgniter->run()
#11 /home/hatsugoki/Projet SI/Regime/system/Boot.php(68): CodeIgniter\Boot::runCodeIgniter()
#12 /home/hatsugoki/Projet SI/Regime/public/index.php(59): CodeIgniter\Boot::bootWeb()
#13 /home/hatsugoki/Projet SI/Regime/system/rewrite.php(44): require_once('...')
#14 {main}
ERROR - 2026-05-09 16:52:10 --> Error connecting to the database: mysqli_sql_exception: No such file or directory in /home/hatsugoki/Projet SI/Regime/system/Database/MySQLi/Connection.php:201
Stack trace:
#0 /home/hatsugoki/Projet SI/Regime/system/Database/MySQLi/Connection.php(201): mysqli->real_connect()
#1 /home/hatsugoki/Projet SI/Regime/system/Database/BaseConnection.php(555): CodeIgniter\Database\MySQLi\Connection->connect()
#2 /home/hatsugoki/Projet SI/Regime/system/Database/BaseConnection.php(795): CodeIgniter\Database\BaseConnection->initialize()
#3 /home/hatsugoki/Projet SI/Regime/system/Database/BaseBuilder.php(1649): CodeIgniter\Database\BaseConnection->query()
#4 /home/hatsugoki/Projet SI/Regime/system/Model.php(253): CodeIgniter\Database\BaseBuilder->get()
#5 /home/hatsugoki/Projet SI/Regime/system/BaseModel.php(676): CodeIgniter\Model->doFindAll()
#6 /home/hatsugoki/Projet SI/Regime/app/Controllers/AuthController.php(44): CodeIgniter\BaseModel->findAll()
#7 /home/hatsugoki/Projet SI/Regime/app/Controllers/AuthController.php(237): App\Controllers\AuthController->getGenres()
#8 /home/hatsugoki/Projet SI/Regime/system/CodeIgniter.php(951): App\Controllers\AuthController->registerForm()
#9 /home/hatsugoki/Projet SI/Regime/system/CodeIgniter.php(497): CodeIgniter\CodeIgniter->runController()
#10 /home/hatsugoki/Projet SI/Regime/system/CodeIgniter.php(340): CodeIgniter\CodeIgniter->handleRequest()
#11 /home/hatsugoki/Projet SI/Regime/system/Boot.php(417): CodeIgniter\CodeIgniter->run()
#12 /home/hatsugoki/Projet SI/Regime/system/Boot.php(68): CodeIgniter\Boot::runCodeIgniter()
#13 /home/hatsugoki/Projet SI/Regime/public/index.php(59): CodeIgniter\Boot::bootWeb()
#14 /home/hatsugoki/Projet SI/Regime/system/rewrite.php(44): require_once('...')
#15 {main}

Next CodeIgniter\Database\Exceptions\DatabaseException: No such file or directory in /home/hatsugoki/Projet SI/Regime/system/Database/MySQLi/Connection.php:231
Stack trace:
#0 /home/hatsugoki/Projet SI/Regime/system/Database/BaseConnection.php(555): CodeIgniter\Database\MySQLi\Connection->connect()
#1 /home/hatsugoki/Projet SI/Regime/system/Database/BaseConnection.php(795): CodeIgniter\Database\BaseConnection->initialize()
#2 /home/hatsugoki/Projet SI/Regime/system/Database/BaseBuilder.php(1649): CodeIgniter\Database\BaseConnection->query()
#3 /home/hatsugoki/Projet SI/Regime/system/Model.php(253): CodeIgniter\Database\BaseBuilder->get()
#4 /home/hatsugoki/Projet SI/Regime/system/BaseModel.php(676): CodeIgniter\Model->doFindAll()
#5 /home/hatsugoki/Projet SI/Regime/app/Controllers/AuthController.php(44): CodeIgniter\BaseModel->findAll()
#6 /home/hatsugoki/Projet SI/Regime/app/Controllers/AuthController.php(237): App\Controllers\AuthController->getGenres()
#7 /home/hatsugoki/Projet SI/Regime/system/CodeIgniter.php(951): App\Controllers\AuthController->registerForm()
#8 /home/hatsugoki/Projet SI/Regime/system/CodeIgniter.php(497): CodeIgniter\CodeIgniter->runController()
#9 /home/hatsugoki/Projet SI/Regime/system/CodeIgniter.php(340): CodeIgniter\CodeIgniter->handleRequest()
#10 /home/hatsugoki/Projet SI/Regime/system/Boot.php(417): CodeIgniter\CodeIgniter->run()
#11 /home/hatsugoki/Projet SI/Regime/system/Boot.php(68): CodeIgniter\Boot::runCodeIgniter()
#12 /home/hatsugoki/Projet SI/Regime/public/index.php(59): CodeIgniter\Boot::bootWeb()
#13 /home/hatsugoki/Projet SI/Regime/system/rewrite.php(44): require_once('...')
#14 {main}
ERROR - 2026-05-09 16:55:34 --> Error connecting to the database: mysqli_sql_exception: No such file or directory in /home/hatsugoki/Projet SI/Regime/system/Database/MySQLi/Connection.php:201
Stack trace:
#0 /home/hatsugoki/Projet SI/Regime/system/Database/MySQLi/Connection.php(201): mysqli->real_connect()
#1 /home/hatsugoki/Projet SI/Regime/system/Database/BaseConnection.php(555): CodeIgniter\Database\MySQLi\Connection->connect()
#2 /home/hatsugoki/Projet SI/Regime/system/Database/BaseConnection.php(795): CodeIgniter\Database\BaseConnection->initialize()
#3 /home/hatsugoki/Projet SI/Regime/system/Database/BaseBuilder.php(1649): CodeIgniter\Database\BaseConnection->query()
#4 /home/hatsugoki/Projet SI/Regime/system/Model.php(253): CodeIgniter\Database\BaseBuilder->get()
#5 /home/hatsugoki/Projet SI/Regime/system/BaseModel.php(676): CodeIgniter\Model->doFindAll()
#6 /home/hatsugoki/Projet SI/Regime/app/Controllers/AuthController.php(44): CodeIgniter\BaseModel->findAll()
#7 /home/hatsugoki/Projet SI/Regime/app/Controllers/AuthController.php(237): App\Controllers\AuthController->getGenres()
#8 /home/hatsugoki/Projet SI/Regime/system/CodeIgniter.php(951): App\Controllers\AuthController->registerForm()
#9 /home/hatsugoki/Projet SI/Regime/system/CodeIgniter.php(497): CodeIgniter\CodeIgniter->runController()
#10 /home/hatsugoki/Projet SI/Regime/system/CodeIgniter.php(340): CodeIgniter\CodeIgniter->handleRequest()
#11 /home/hatsugoki/Projet SI/Regime/system/Boot.php(417): CodeIgniter\CodeIgniter->run()
#12 /home/hatsugoki/Projet SI/Regime/system/Boot.php(68): CodeIgniter\Boot::runCodeIgniter()
#13 /home/hatsugoki/Projet SI/Regime/public/index.php(59): CodeIgniter\Boot::bootWeb()
#14 {main}

Next CodeIgniter\Database\Exceptions\DatabaseException: No such file or directory in /home/hatsugoki/Projet SI/Regime/system/Database/MySQLi/Connection.php:231
Stack trace:
#0 /home/hatsugoki/Projet SI/Regime/system/Database/BaseConnection.php(555): CodeIgniter\Database\MySQLi\Connection->connect()
#1 /home/hatsugoki/Projet SI/Regime/system/Database/BaseConnection.php(795): CodeIgniter\Database\BaseConnection->initialize()
#2 /home/hatsugoki/Projet SI/Regime/system/Database/BaseBuilder.php(1649): CodeIgniter\Database\BaseConnection->query()
#3 /home/hatsugoki/Projet SI/Regime/system/Model.php(253): CodeIgniter\Database\BaseBuilder->get()
#4 /home/hatsugoki/Projet SI/Regime/system/BaseModel.php(676): CodeIgniter\Model->doFindAll()
#5 /home/hatsugoki/Projet SI/Regime/app/Controllers/AuthController.php(44): CodeIgniter\BaseModel->findAll()
#6 /home/hatsugoki/Projet SI/Regime/app/Controllers/AuthController.php(237): App\Controllers\AuthController->getGenres()
#7 /home/hatsugoki/Projet SI/Regime/system/CodeIgniter.php(951): App\Controllers\AuthController->registerForm()
#8 /home/hatsugoki/Projet SI/Regime/system/CodeIgniter.php(497): CodeIgniter\CodeIgniter->runController()
#9 /home/hatsugoki/Projet SI/Regime/system/CodeIgniter.php(340): CodeIgniter\CodeIgniter->handleRequest()
#10 /home/hatsugoki/Projet SI/Regime/system/Boot.php(417): CodeIgniter\CodeIgniter->run()
#11 /home/hatsugoki/Projet SI/Regime/system/Boot.php(68): CodeIgniter\Boot::runCodeIgniter()
#12 /home/hatsugoki/Projet SI/Regime/public/index.php(59): CodeIgniter\Boot::bootWeb()
#13 {main}
ERROR - 2026-05-09 16:56:15 --> Error connecting to the database: mysqli_sql_exception: No such file or directory in /home/hatsugoki/Projet SI/Regime/system/Database/MySQLi/Connection.php:201
Stack trace:
#0 /home/hatsugoki/Projet SI/Regime/system/Database/MySQLi/Connection.php(201): mysqli->real_connect()
#1 /home/hatsugoki/Projet SI/Regime/system/Database/BaseConnection.php(555): CodeIgniter\Database\MySQLi\Connection->connect()
#2 /home/hatsugoki/Projet SI/Regime/system/Database/BaseConnection.php(795): CodeIgniter\Database\BaseConnection->initialize()
#3 /home/hatsugoki/Projet SI/Regime/system/Database/BaseBuilder.php(1649): CodeIgniter\Database\BaseConnection->query()
#4 /home/hatsugoki/Projet SI/Regime/system/Validation/Rules.php(175): CodeIgniter\Database\BaseBuilder->get()
#5 /home/hatsugoki/Projet SI/Regime/system/Validation/StrictRules/Rules.php(187): CodeIgniter\Validation\Rules->is_unique()
#6 /home/hatsugoki/Projet SI/Regime/system/Validation/Validation.php(345): CodeIgniter\Validation\StrictRules\Rules->is_unique()
#7 /home/hatsugoki/Projet SI/Regime/system/Validation/Validation.php(210): CodeIgniter\Validation\Validation->processRules()
#8 /home/hatsugoki/Projet SI/Regime/system/Controller.php(136): CodeIgniter\Validation\Validation->run()
#9 /home/hatsugoki/Projet SI/Regime/app/Controllers/AuthController.php(268): CodeIgniter\Controller->validate()
#10 /home/hatsugoki/Projet SI/Regime/system/CodeIgniter.php(951): App\Controllers\AuthController->register()
#11 /home/hatsugoki/Projet SI/Regime/system/CodeIgniter.php(497): CodeIgniter\CodeIgniter->runController()
#12 /home/hatsugoki/Projet SI/Regime/system/CodeIgniter.php(340): CodeIgniter\CodeIgniter->handleRequest()
#13 /home/hatsugoki/Projet SI/Regime/system/Boot.php(417): CodeIgniter\CodeIgniter->run()
#14 /home/hatsugoki/Projet SI/Regime/system/Boot.php(68): CodeIgniter\Boot::runCodeIgniter()
#15 /home/hatsugoki/Projet SI/Regime/public/index.php(59): CodeIgniter\Boot::bootWeb()
#16 {main}

Next CodeIgniter\Database\Exceptions\DatabaseException: No such file or directory in /home/hatsugoki/Projet SI/Regime/system/Database/MySQLi/Connection.php:231
Stack trace:
#0 /home/hatsugoki/Projet SI/Regime/system/Database/BaseConnection.php(555): CodeIgniter\Database\MySQLi\Connection->connect()
#1 /home/hatsugoki/Projet SI/Regime/system/Database/BaseConnection.php(795): CodeIgniter\Database\BaseConnection->initialize()
#2 /home/hatsugoki/Projet SI/Regime/system/Database/BaseBuilder.php(1649): CodeIgniter\Database\BaseConnection->query()
#3 /home/hatsugoki/Projet SI/Regime/system/Validation/Rules.php(175): CodeIgniter\Database\BaseBuilder->get()
#4 /home/hatsugoki/Projet SI/Regime/system/Validation/StrictRules/Rules.php(187): CodeIgniter\Validation\Rules->is_unique()
#5 /home/hatsugoki/Projet SI/Regime/system/Validation/Validation.php(345): CodeIgniter\Validation\StrictRules\Rules->is_unique()
#6 /home/hatsugoki/Projet SI/Regime/system/Validation/Validation.php(210): CodeIgniter\Validation\Validation->processRules()
#7 /home/hatsugoki/Projet SI/Regime/system/Controller.php(136): CodeIgniter\Validation\Validation->run()
#8 /home/hatsugoki/Projet SI/Regime/app/Controllers/AuthController.php(268): CodeIgniter\Controller->validate()
#9 /home/hatsugoki/Projet SI/Regime/system/CodeIgniter.php(951): App\Controllers\AuthController->register()
#10 /home/hatsugoki/Projet SI/Regime/system/CodeIgniter.php(497): CodeIgniter\CodeIgniter->runController()
#11 /home/hatsugoki/Projet SI/Regime/system/CodeIgniter.php(340): CodeIgniter\CodeIgniter->handleRequest()
#12 /home/hatsugoki/Projet SI/Regime/system/Boot.php(417): CodeIgniter\CodeIgniter->run()
#13 /home/hatsugoki/Projet SI/Regime/system/Boot.php(68): CodeIgniter\Boot::runCodeIgniter()
#14 /home/hatsugoki/Projet SI/Regime/public/index.php(59): CodeIgniter\Boot::bootWeb()
#15 {main}
CRITICAL - 2026-05-09 16:56:15 --> CodeIgniter\Database\Exceptions\DatabaseException: Unable to connect to the database.
Main connection [MySQLi]: No such file or directory
[Method: POST, Route: inscription]
in SYSTEMPATH/Database/BaseConnection.php on line 606.
 1 SYSTEMPATH/Database/BaseConnection.php(795): CodeIgniter\Database\BaseConnection->initialize()
 2 SYSTEMPATH/Database/BaseBuilder.php(1649): CodeIgniter\Database\BaseConnection->query()
 3 SYSTEMPATH/Validation/Rules.php(175): CodeIgniter\Database\BaseBuilder->get()
 4 SYSTEMPATH/Validation/StrictRules/Rules.php(187): CodeIgniter\Validation\Rules->is_unique()
 5 SYSTEMPATH/Validation/Validation.php(345): CodeIgniter\Validation\StrictRules\Rules->is_unique()
 6 SYSTEMPATH/Validation/Validation.php(210): CodeIgniter\Validation\Validation->processRules()
 7 SYSTEMPATH/Controller.php(136): CodeIgniter\Validation\Validation->run()
 8 APPPATH/Controllers/AuthController.php(268): CodeIgniter\Controller->validate()
 9 SYSTEMPATH/CodeIgniter.php(951): App\Controllers\AuthController->register()
10 SYSTEMPATH/CodeIgniter.php(497): CodeIgniter\CodeIgniter->runController()
11 SYSTEMPATH/CodeIgniter.php(340): CodeIgniter\CodeIgniter->handleRequest()
12 SYSTEMPATH/Boot.php(417): CodeIgniter\CodeIgniter->run()
13 SYSTEMPATH/Boot.php(68): CodeIgniter\Boot::runCodeIgniter()
14 FCPATH/index.php(59): CodeIgniter\Boot::bootWeb()
ERROR - 2026-05-09 16:56:16 --> Error connecting to the database: mysqli_sql_exception: No such file or directory in /home/hatsugoki/Projet SI/Regime/system/Database/MySQLi/Connection.php:201
Stack trace:
#0 /home/hatsugoki/Projet SI/Regime/system/Database/MySQLi/Connection.php(201): mysqli->real_connect()
#1 /home/hatsugoki/Projet SI/Regime/system/Database/BaseConnection.php(555): CodeIgniter\Database\MySQLi\Connection->connect()
#2 /home/hatsugoki/Projet SI/Regime/system/Database/BaseConnection.php(795): CodeIgniter\Database\BaseConnection->initialize()
#3 /home/hatsugoki/Projet SI/Regime/system/Database/BaseBuilder.php(1649): CodeIgniter\Database\BaseConnection->query()
#4 /home/hatsugoki/Projet SI/Regime/system/Validation/Rules.php(175): CodeIgniter\Database\BaseBuilder->get()
#5 /home/hatsugoki/Projet SI/Regime/system/Validation/StrictRules/Rules.php(187): CodeIgniter\Validation\Rules->is_unique()
#6 /home/hatsugoki/Projet SI/Regime/system/Validation/Validation.php(345): CodeIgniter\Validation\StrictRules\Rules->is_unique()
#7 /home/hatsugoki/Projet SI/Regime/system/Validation/Validation.php(210): CodeIgniter\Validation\Validation->processRules()
#8 /home/hatsugoki/Projet SI/Regime/system/Controller.php(136): CodeIgniter\Validation\Validation->run()
#9 /home/hatsugoki/Projet SI/Regime/app/Controllers/AuthController.php(268): CodeIgniter\Controller->validate()
#10 /home/hatsugoki/Projet SI/Regime/system/CodeIgniter.php(951): App\Controllers\AuthController->register()
#11 /home/hatsugoki/Projet SI/Regime/system/CodeIgniter.php(497): CodeIgniter\CodeIgniter->runController()
#12 /home/hatsugoki/Projet SI/Regime/system/CodeIgniter.php(340): CodeIgniter\CodeIgniter->handleRequest()
#13 /home/hatsugoki/Projet SI/Regime/system/Boot.php(417): CodeIgniter\CodeIgniter->run()
#14 /home/hatsugoki/Projet SI/Regime/system/Boot.php(68): CodeIgniter\Boot::runCodeIgniter()
#15 /home/hatsugoki/Projet SI/Regime/public/index.php(59): CodeIgniter\Boot::bootWeb()
#16 {main}

Next CodeIgniter\Database\Exceptions\DatabaseException: No such file or directory in /home/hatsugoki/Projet SI/Regime/system/Database/MySQLi/Connection.php:231
Stack trace:
#0 /home/hatsugoki/Projet SI/Regime/system/Database/BaseConnection.php(555): CodeIgniter\Database\MySQLi\Connection->connect()
#1 /home/hatsugoki/Projet SI/Regime/system/Database/BaseConnection.php(795): CodeIgniter\Database\BaseConnection->initialize()
#2 /home/hatsugoki/Projet SI/Regime/system/Database/BaseBuilder.php(1649): CodeIgniter\Database\BaseConnection->query()
#3 /home/hatsugoki/Projet SI/Regime/system/Validation/Rules.php(175): CodeIgniter\Database\BaseBuilder->get()
#4 /home/hatsugoki/Projet SI/Regime/system/Validation/StrictRules/Rules.php(187): CodeIgniter\Validation\Rules->is_unique()
#5 /home/hatsugoki/Projet SI/Regime/system/Validation/Validation.php(345): CodeIgniter\Validation\StrictRules\Rules->is_unique()
#6 /home/hatsugoki/Projet SI/Regime/system/Validation/Validation.php(210): CodeIgniter\Validation\Validation->processRules()
#7 /home/hatsugoki/Projet SI/Regime/system/Controller.php(136): CodeIgniter\Validation\Validation->run()
#8 /home/hatsugoki/Projet SI/Regime/app/Controllers/AuthController.php(268): CodeIgniter\Controller->validate()
#9 /home/hatsugoki/Projet SI/Regime/system/CodeIgniter.php(951): App\Controllers\AuthController->register()
#10 /home/hatsugoki/Projet SI/Regime/system/CodeIgniter.php(497): CodeIgniter\CodeIgniter->runController()
#11 /home/hatsugoki/Projet SI/Regime/system/CodeIgniter.php(340): CodeIgniter\CodeIgniter->handleRequest()
#12 /home/hatsugoki/Projet SI/Regime/system/Boot.php(417): CodeIgniter\CodeIgniter->run()
#13 /home/hatsugoki/Projet SI/Regime/system/Boot.php(68): CodeIgniter\Boot::runCodeIgniter()
#14 /home/hatsugoki/Projet SI/Regime/public/index.php(59): CodeIgniter\Boot::bootWeb()
#15 {main}
CRITICAL - 2026-05-09 16:56:16 --> CodeIgniter\Database\Exceptions\DatabaseException: Unable to connect to the database.
Main connection [MySQLi]: No such file or directory
[Method: POST, Route: inscription]
in SYSTEMPATH/Database/BaseConnection.php on line 606.
 1 SYSTEMPATH/Database/BaseConnection.php(795): CodeIgniter\Database\BaseConnection->initialize()
 2 SYSTEMPATH/Database/BaseBuilder.php(1649): CodeIgniter\Database\BaseConnection->query()
 3 SYSTEMPATH/Validation/Rules.php(175): CodeIgniter\Database\BaseBuilder->get()
 4 SYSTEMPATH/Validation/StrictRules/Rules.php(187): CodeIgniter\Validation\Rules->is_unique()
 5 SYSTEMPATH/Validation/Validation.php(345): CodeIgniter\Validation\StrictRules\Rules->is_unique()
 6 SYSTEMPATH/Validation/Validation.php(210): CodeIgniter\Validation\Validation->processRules()
 7 SYSTEMPATH/Controller.php(136): CodeIgniter\Validation\Validation->run()
 8 APPPATH/Controllers/AuthController.php(268): CodeIgniter\Controller->validate()
 9 SYSTEMPATH/CodeIgniter.php(951): App\Controllers\AuthController->register()
10 SYSTEMPATH/CodeIgniter.php(497): CodeIgniter\CodeIgniter->runController()
11 SYSTEMPATH/CodeIgniter.php(340): CodeIgniter\CodeIgniter->handleRequest()
12 SYSTEMPATH/Boot.php(417): CodeIgniter\CodeIgniter->run()
13 SYSTEMPATH/Boot.php(68): CodeIgniter\Boot::runCodeIgniter()
14 FCPATH/index.php(59): CodeIgniter\Boot::bootWeb()
ERROR - 2026-05-09 16:56:17 --> Error connecting to the database: mysqli_sql_exception: No such file or directory in /home/hatsugoki/Projet SI/Regime/system/Database/MySQLi/Connection.php:201
Stack trace:
#0 /home/hatsugoki/Projet SI/Regime/system/Database/MySQLi/Connection.php(201): mysqli->real_connect()
#1 /home/hatsugoki/Projet SI/Regime/system/Database/BaseConnection.php(555): CodeIgniter\Database\MySQLi\Connection->connect()
#2 /home/hatsugoki/Projet SI/Regime/system/Database/BaseConnection.php(795): CodeIgniter\Database\BaseConnection->initialize()
#3 /home/hatsugoki/Projet SI/Regime/system/Database/BaseBuilder.php(1649): CodeIgniter\Database\BaseConnection->query()
#4 /home/hatsugoki/Projet SI/Regime/system/Validation/Rules.php(175): CodeIgniter\Database\BaseBuilder->get()
#5 /home/hatsugoki/Projet SI/Regime/system/Validation/StrictRules/Rules.php(187): CodeIgniter\Validation\Rules->is_unique()
#6 /home/hatsugoki/Projet SI/Regime/system/Validation/Validation.php(345): CodeIgniter\Validation\StrictRules\Rules->is_unique()
#7 /home/hatsugoki/Projet SI/Regime/system/Validation/Validation.php(210): CodeIgniter\Validation\Validation->processRules()
#8 /home/hatsugoki/Projet SI/Regime/system/Controller.php(136): CodeIgniter\Validation\Validation->run()
#9 /home/hatsugoki/Projet SI/Regime/app/Controllers/AuthController.php(268): CodeIgniter\Controller->validate()
#10 /home/hatsugoki/Projet SI/Regime/system/CodeIgniter.php(951): App\Controllers\AuthController->register()
#11 /home/hatsugoki/Projet SI/Regime/system/CodeIgniter.php(497): CodeIgniter\CodeIgniter->runController()
#12 /home/hatsugoki/Projet SI/Regime/system/CodeIgniter.php(340): CodeIgniter\CodeIgniter->handleRequest()
#13 /home/hatsugoki/Projet SI/Regime/system/Boot.php(417): CodeIgniter\CodeIgniter->run()
#14 /home/hatsugoki/Projet SI/Regime/system/Boot.php(68): CodeIgniter\Boot::runCodeIgniter()
#15 /home/hatsugoki/Projet SI/Regime/public/index.php(59): CodeIgniter\Boot::bootWeb()
#16 {main}

Next CodeIgniter\Database\Exceptions\DatabaseException: No such file or directory in /home/hatsugoki/Projet SI/Regime/system/Database/MySQLi/Connection.php:231
Stack trace:
#0 /home/hatsugoki/Projet SI/Regime/system/Database/BaseConnection.php(555): CodeIgniter\Database\MySQLi\Connection->connect()
#1 /home/hatsugoki/Projet SI/Regime/system/Database/BaseConnection.php(795): CodeIgniter\Database\BaseConnection->initialize()
#2 /home/hatsugoki/Projet SI/Regime/system/Database/BaseBuilder.php(1649): CodeIgniter\Database\BaseConnection->query()
#3 /home/hatsugoki/Projet SI/Regime/system/Validation/Rules.php(175): CodeIgniter\Database\BaseBuilder->get()
#4 /home/hatsugoki/Projet SI/Regime/system/Validation/StrictRules/Rules.php(187): CodeIgniter\Validation\Rules->is_unique()
#5 /home/hatsugoki/Projet SI/Regime/system/Validation/Validation.php(345): CodeIgniter\Validation\StrictRules\Rules->is_unique()
#6 /home/hatsugoki/Projet SI/Regime/system/Validation/Validation.php(210): CodeIgniter\Validation\Validation->processRules()
#7 /home/hatsugoki/Projet SI/Regime/system/Controller.php(136): CodeIgniter\Validation\Validation->run()
#8 /home/hatsugoki/Projet SI/Regime/app/Controllers/AuthController.php(268): CodeIgniter\Controller->validate()
#9 /home/hatsugoki/Projet SI/Regime/system/CodeIgniter.php(951): App\Controllers\AuthController->register()
#10 /home/hatsugoki/Projet SI/Regime/system/CodeIgniter.php(497): CodeIgniter\CodeIgniter->runController()
#11 /home/hatsugoki/Projet SI/Regime/system/CodeIgniter.php(340): CodeIgniter\CodeIgniter->handleRequest()
#12 /home/hatsugoki/Projet SI/Regime/system/Boot.php(417): CodeIgniter\CodeIgniter->run()
#13 /home/hatsugoki/Projet SI/Regime/system/Boot.php(68): CodeIgniter\Boot::runCodeIgniter()
#14 /home/hatsugoki/Projet SI/Regime/public/index.php(59): CodeIgniter\Boot::bootWeb()
#15 {main}
CRITICAL - 2026-05-09 16:56:17 --> CodeIgniter\Database\Exceptions\DatabaseException: Unable to connect to the database.
Main connection [MySQLi]: No such file or directory
[Method: POST, Route: inscription]
in SYSTEMPATH/Database/BaseConnection.php on line 606.
 1 SYSTEMPATH/Database/BaseConnection.php(795): CodeIgniter\Database\BaseConnection->initialize()
 2 SYSTEMPATH/Database/BaseBuilder.php(1649): CodeIgniter\Database\BaseConnection->query()
 3 SYSTEMPATH/Validation/Rules.php(175): CodeIgniter\Database\BaseBuilder->get()
 4 SYSTEMPATH/Validation/StrictRules/Rules.php(187): CodeIgniter\Validation\Rules->is_unique()
 5 SYSTEMPATH/Validation/Validation.php(345): CodeIgniter\Validation\StrictRules\Rules->is_unique()
 6 SYSTEMPATH/Validation/Validation.php(210): CodeIgniter\Validation\Validation->processRules()
 7 SYSTEMPATH/Controller.php(136): CodeIgniter\Validation\Validation->run()
 8 APPPATH/Controllers/AuthController.php(268): CodeIgniter\Controller->validate()
 9 SYSTEMPATH/CodeIgniter.php(951): App\Controllers\AuthController->register()
10 SYSTEMPATH/CodeIgniter.php(497): CodeIgniter\CodeIgniter->runController()
11 SYSTEMPATH/CodeIgniter.php(340): CodeIgniter\CodeIgniter->handleRequest()
12 SYSTEMPATH/Boot.php(417): CodeIgniter\CodeIgniter->run()
13 SYSTEMPATH/Boot.php(68): CodeIgniter\Boot::runCodeIgniter()
14 FCPATH/index.php(59): CodeIgniter\Boot::bootWeb()
ERROR - 2026-05-09 16:56:18 --> Error connecting to the database: mysqli_sql_exception: No such file or directory in /home/hatsugoki/Projet SI/Regime/system/Database/MySQLi/Connection.php:201
Stack trace:
#0 /home/hatsugoki/Projet SI/Regime/system/Database/MySQLi/Connection.php(201): mysqli->real_connect()
#1 /home/hatsugoki/Projet SI/Regime/system/Database/BaseConnection.php(555): CodeIgniter\Database\MySQLi\Connection->connect()
#2 /home/hatsugoki/Projet SI/Regime/system/Database/BaseConnection.php(795): CodeIgniter\Database\BaseConnection->initialize()
#3 /home/hatsugoki/Projet SI/Regime/system/Database/BaseBuilder.php(1649): CodeIgniter\Database\BaseConnection->query()
#4 /home/hatsugoki/Projet SI/Regime/system/Validation/Rules.php(175): CodeIgniter\Database\BaseBuilder->get()
#5 /home/hatsugoki/Projet SI/Regime/system/Validation/StrictRules/Rules.php(187): CodeIgniter\Validation\Rules->is_unique()
#6 /home/hatsugoki/Projet SI/Regime/system/Validation/Validation.php(345): CodeIgniter\Validation\StrictRules\Rules->is_unique()
#7 /home/hatsugoki/Projet SI/Regime/system/Validation/Validation.php(210): CodeIgniter\Validation\Validation->processRules()
#8 /home/hatsugoki/Projet SI/Regime/system/Controller.php(136): CodeIgniter\Validation\Validation->run()
#9 /home/hatsugoki/Projet SI/Regime/app/Controllers/AuthController.php(268): CodeIgniter\Controller->validate()
#10 /home/hatsugoki/Projet SI/Regime/system/CodeIgniter.php(951): App\Controllers\AuthController->register()
#11 /home/hatsugoki/Projet SI/Regime/system/CodeIgniter.php(497): CodeIgniter\CodeIgniter->runController()
#12 /home/hatsugoki/Projet SI/Regime/system/CodeIgniter.php(340): CodeIgniter\CodeIgniter->handleRequest()
#13 /home/hatsugoki/Projet SI/Regime/system/Boot.php(417): CodeIgniter\CodeIgniter->run()
#14 /home/hatsugoki/Projet SI/Regime/system/Boot.php(68): CodeIgniter\Boot::runCodeIgniter()
#15 /home/hatsugoki/Projet SI/Regime/public/index.php(59): CodeIgniter\Boot::bootWeb()
#16 {main}

Next CodeIgniter\Database\Exceptions\DatabaseException: No such file or directory in /home/hatsugoki/Projet SI/Regime/system/Database/MySQLi/Connection.php:231
Stack trace:
#0 /home/hatsugoki/Projet SI/Regime/system/Database/BaseConnection.php(555): CodeIgniter\Database\MySQLi\Connection->connect()
#1 /home/hatsugoki/Projet SI/Regime/system/Database/BaseConnection.php(795): CodeIgniter\Database\BaseConnection->initialize()
#2 /home/hatsugoki/Projet SI/Regime/system/Database/BaseBuilder.php(1649): CodeIgniter\Database\BaseConnection->query()
#3 /home/hatsugoki/Projet SI/Regime/system/Validation/Rules.php(175): CodeIgniter\Database\BaseBuilder->get()
#4 /home/hatsugoki/Projet SI/Regime/system/Validation/StrictRules/Rules.php(187): CodeIgniter\Validation\Rules->is_unique()
#5 /home/hatsugoki/Projet SI/Regime/system/Validation/Validation.php(345): CodeIgniter\Validation\StrictRules\Rules->is_unique()
#6 /home/hatsugoki/Projet SI/Regime/system/Validation/Validation.php(210): CodeIgniter\Validation\Validation->processRules()
#7 /home/hatsugoki/Projet SI/Regime/system/Controller.php(136): CodeIgniter\Validation\Validation->run()
#8 /home/hatsugoki/Projet SI/Regime/app/Controllers/AuthController.php(268): CodeIgniter\Controller->validate()
#9 /home/hatsugoki/Projet SI/Regime/system/CodeIgniter.php(951): App\Controllers\AuthController->register()
#10 /home/hatsugoki/Projet SI/Regime/system/CodeIgniter.php(497): CodeIgniter\CodeIgniter->runController()
#11 /home/hatsugoki/Projet SI/Regime/system/CodeIgniter.php(340): CodeIgniter\CodeIgniter->handleRequest()
#12 /home/hatsugoki/Projet SI/Regime/system/Boot.php(417): CodeIgniter\CodeIgniter->run()
#13 /home/hatsugoki/Projet SI/Regime/system/Boot.php(68): CodeIgniter\Boot::runCodeIgniter()
#14 /home/hatsugoki/Projet SI/Regime/public/index.php(59): CodeIgniter\Boot::bootWeb()
#15 {main}
CRITICAL - 2026-05-09 16:56:18 --> CodeIgniter\Database\Exceptions\DatabaseException: Unable to connect to the database.
Main connection [MySQLi]: No such file or directory
[Method: POST, Route: inscription]
in SYSTEMPATH/Database/BaseConnection.php on line 606.
 1 SYSTEMPATH/Database/BaseConnection.php(795): CodeIgniter\Database\BaseConnection->initialize()
 2 SYSTEMPATH/Database/BaseBuilder.php(1649): CodeIgniter\Database\BaseConnection->query()
 3 SYSTEMPATH/Validation/Rules.php(175): CodeIgniter\Database\BaseBuilder->get()
 4 SYSTEMPATH/Validation/StrictRules/Rules.php(187): CodeIgniter\Validation\Rules->is_unique()
 5 SYSTEMPATH/Validation/Validation.php(345): CodeIgniter\Validation\StrictRules\Rules->is_unique()
 6 SYSTEMPATH/Validation/Validation.php(210): CodeIgniter\Validation\Validation->processRules()
 7 SYSTEMPATH/Controller.php(136): CodeIgniter\Validation\Validation->run()
 8 APPPATH/Controllers/AuthController.php(268): CodeIgniter\Controller->validate()
 9 SYSTEMPATH/CodeIgniter.php(951): App\Controllers\AuthController->register()
10 SYSTEMPATH/CodeIgniter.php(497): CodeIgniter\CodeIgniter->runController()
11 SYSTEMPATH/CodeIgniter.php(340): CodeIgniter\CodeIgniter->handleRequest()
12 SYSTEMPATH/Boot.php(417): CodeIgniter\CodeIgniter->run()
13 SYSTEMPATH/Boot.php(68): CodeIgniter\Boot::runCodeIgniter()
14 FCPATH/index.php(59): CodeIgniter\Boot::bootWeb()
ERROR - 2026-05-09 16:56:18 --> Error connecting to the database: mysqli_sql_exception: No such file or directory in /home/hatsugoki/Projet SI/Regime/system/Database/MySQLi/Connection.php:201
Stack trace:
#0 /home/hatsugoki/Projet SI/Regime/system/Database/MySQLi/Connection.php(201): mysqli->real_connect()
#1 /home/hatsugoki/Projet SI/Regime/system/Database/BaseConnection.php(555): CodeIgniter\Database\MySQLi\Connection->connect()
#2 /home/hatsugoki/Projet SI/Regime/system/Database/BaseConnection.php(795): CodeIgniter\Database\BaseConnection->initialize()
#3 /home/hatsugoki/Projet SI/Regime/system/Database/BaseBuilder.php(1649): CodeIgniter\Database\BaseConnection->query()
#4 /home/hatsugoki/Projet SI/Regime/system/Validation/Rules.php(175): CodeIgniter\Database\BaseBuilder->get()
#5 /home/hatsugoki/Projet SI/Regime/system/Validation/StrictRules/Rules.php(187): CodeIgniter\Validation\Rules->is_unique()
#6 /home/hatsugoki/Projet SI/Regime/system/Validation/Validation.php(345): CodeIgniter\Validation\StrictRules\Rules->is_unique()
#7 /home/hatsugoki/Projet SI/Regime/system/Validation/Validation.php(210): CodeIgniter\Validation\Validation->processRules()
#8 /home/hatsugoki/Projet SI/Regime/system/Controller.php(136): CodeIgniter\Validation\Validation->run()
#9 /home/hatsugoki/Projet SI/Regime/app/Controllers/AuthController.php(268): CodeIgniter\Controller->validate()
#10 /home/hatsugoki/Projet SI/Regime/system/CodeIgniter.php(951): App\Controllers\AuthController->register()
#11 /home/hatsugoki/Projet SI/Regime/system/CodeIgniter.php(497): CodeIgniter\CodeIgniter->runController()
#12 /home/hatsugoki/Projet SI/Regime/system/CodeIgniter.php(340): CodeIgniter\CodeIgniter->handleRequest()
#13 /home/hatsugoki/Projet SI/Regime/system/Boot.php(417): CodeIgniter\CodeIgniter->run()
#14 /home/hatsugoki/Projet SI/Regime/system/Boot.php(68): CodeIgniter\Boot::runCodeIgniter()
#15 /home/hatsugoki/Projet SI/Regime/public/index.php(59): CodeIgniter\Boot::bootWeb()
#16 {main}

Next CodeIgniter\Database\Exceptions\DatabaseException: No such file or directory in /home/hatsugoki/Projet SI/Regime/system/Database/MySQLi/Connection.php:231
Stack trace:
#0 /home/hatsugoki/Projet SI/Regime/system/Database/BaseConnection.php(555): CodeIgniter\Database\MySQLi\Connection->connect()
#1 /home/hatsugoki/Projet SI/Regime/system/Database/BaseConnection.php(795): CodeIgniter\Database\BaseConnection->initialize()
#2 /home/hatsugoki/Projet SI/Regime/system/Database/BaseBuilder.php(1649): CodeIgniter\Database\BaseConnection->query()
#3 /home/hatsugoki/Projet SI/Regime/system/Validation/Rules.php(175): CodeIgniter\Database\BaseBuilder->get()
#4 /home/hatsugoki/Projet SI/Regime/system/Validation/StrictRules/Rules.php(187): CodeIgniter\Validation\Rules->is_unique()
#5 /home/hatsugoki/Projet SI/Regime/system/Validation/Validation.php(345): CodeIgniter\Validation\StrictRules\Rules->is_unique()
#6 /home/hatsugoki/Projet SI/Regime/system/Validation/Validation.php(210): CodeIgniter\Validation\Validation->processRules()
#7 /home/hatsugoki/Projet SI/Regime/system/Controller.php(136): CodeIgniter\Validation\Validation->run()
#8 /home/hatsugoki/Projet SI/Regime/app/Controllers/AuthController.php(268): CodeIgniter\Controller->validate()
#9 /home/hatsugoki/Projet SI/Regime/system/CodeIgniter.php(951): App\Controllers\AuthController->register()
#10 /home/hatsugoki/Projet SI/Regime/system/CodeIgniter.php(497): CodeIgniter\CodeIgniter->runController()
#11 /home/hatsugoki/Projet SI/Regime/system/CodeIgniter.php(340): CodeIgniter\CodeIgniter->handleRequest()
#12 /home/hatsugoki/Projet SI/Regime/system/Boot.php(417): CodeIgniter\CodeIgniter->run()
#13 /home/hatsugoki/Projet SI/Regime/system/Boot.php(68): CodeIgniter\Boot::runCodeIgniter()
#14 /home/hatsugoki/Projet SI/Regime/public/index.php(59): CodeIgniter\Boot::bootWeb()
#15 {main}
CRITICAL - 2026-05-09 16:56:18 --> CodeIgniter\Database\Exceptions\DatabaseException: Unable to connect to the database.
Main connection [MySQLi]: No such file or directory
[Method: POST, Route: inscription]
in SYSTEMPATH/Database/BaseConnection.php on line 606.
 1 SYSTEMPATH/Database/BaseConnection.php(795): CodeIgniter\Database\BaseConnection->initialize()
 2 SYSTEMPATH/Database/BaseBuilder.php(1649): CodeIgniter\Database\BaseConnection->query()
 3 SYSTEMPATH/Validation/Rules.php(175): CodeIgniter\Database\BaseBuilder->get()
 4 SYSTEMPATH/Validation/StrictRules/Rules.php(187): CodeIgniter\Validation\Rules->is_unique()
 5 SYSTEMPATH/Validation/Validation.php(345): CodeIgniter\Validation\StrictRules\Rules->is_unique()
 6 SYSTEMPATH/Validation/Validation.php(210): CodeIgniter\Validation\Validation->processRules()
 7 SYSTEMPATH/Controller.php(136): CodeIgniter\Validation\Validation->run()
 8 APPPATH/Controllers/AuthController.php(268): CodeIgniter\Controller->validate()
 9 SYSTEMPATH/CodeIgniter.php(951): App\Controllers\AuthController->register()
10 SYSTEMPATH/CodeIgniter.php(497): CodeIgniter\CodeIgniter->runController()
11 SYSTEMPATH/CodeIgniter.php(340): CodeIgniter\CodeIgniter->handleRequest()
12 SYSTEMPATH/Boot.php(417): CodeIgniter\CodeIgniter->run()
13 SYSTEMPATH/Boot.php(68): CodeIgniter\Boot::runCodeIgniter()
14 FCPATH/index.php(59): CodeIgniter\Boot::bootWeb()
ERROR - 2026-05-09 16:56:18 --> Error connecting to the database: mysqli_sql_exception: No such file or directory in /home/hatsugoki/Projet SI/Regime/system/Database/MySQLi/Connection.php:201
Stack trace:
#0 /home/hatsugoki/Projet SI/Regime/system/Database/MySQLi/Connection.php(201): mysqli->real_connect()
#1 /home/hatsugoki/Projet SI/Regime/system/Database/BaseConnection.php(555): CodeIgniter\Database\MySQLi\Connection->connect()
#2 /home/hatsugoki/Projet SI/Regime/system/Database/BaseConnection.php(795): CodeIgniter\Database\BaseConnection->initialize()
#3 /home/hatsugoki/Projet SI/Regime/system/Database/BaseBuilder.php(1649): CodeIgniter\Database\BaseConnection->query()
#4 /home/hatsugoki/Projet SI/Regime/system/Validation/Rules.php(175): CodeIgniter\Database\BaseBuilder->get()
#5 /home/hatsugoki/Projet SI/Regime/system/Validation/StrictRules/Rules.php(187): CodeIgniter\Validation\Rules->is_unique()
#6 /home/hatsugoki/Projet SI/Regime/system/Validation/Validation.php(345): CodeIgniter\Validation\StrictRules\Rules->is_unique()
#7 /home/hatsugoki/Projet SI/Regime/system/Validation/Validation.php(210): CodeIgniter\Validation\Validation->processRules()
#8 /home/hatsugoki/Projet SI/Regime/system/Controller.php(136): CodeIgniter\Validation\Validation->run()
#9 /home/hatsugoki/Projet SI/Regime/app/Controllers/AuthController.php(268): CodeIgniter\Controller->validate()
#10 /home/hatsugoki/Projet SI/Regime/system/CodeIgniter.php(951): App\Controllers\AuthController->register()
#11 /home/hatsugoki/Projet SI/Regime/system/CodeIgniter.php(497): CodeIgniter\CodeIgniter->runController()
#12 /home/hatsugoki/Projet SI/Regime/system/CodeIgniter.php(340): CodeIgniter\CodeIgniter->handleRequest()
#13 /home/hatsugoki/Projet SI/Regime/system/Boot.php(417): CodeIgniter\CodeIgniter->run()
#14 /home/hatsugoki/Projet SI/Regime/system/Boot.php(68): CodeIgniter\Boot::runCodeIgniter()
#15 /home/hatsugoki/Projet SI/Regime/public/index.php(59): CodeIgniter\Boot::bootWeb()
#16 {main}

Next CodeIgniter\Database\Exceptions\DatabaseException: No such file or directory in /home/hatsugoki/Projet SI/Regime/system/Database/MySQLi/Connection.php:231
Stack trace:
#0 /home/hatsugoki/Projet SI/Regime/system/Database/BaseConnection.php(555): CodeIgniter\Database\MySQLi\Connection->connect()
#1 /home/hatsugoki/Projet SI/Regime/system/Database/BaseConnection.php(795): CodeIgniter\Database\BaseConnection->initialize()
#2 /home/hatsugoki/Projet SI/Regime/system/Database/BaseBuilder.php(1649): CodeIgniter\Database\BaseConnection->query()
#3 /home/hatsugoki/Projet SI/Regime/system/Validation/Rules.php(175): CodeIgniter\Database\BaseBuilder->get()
#4 /home/hatsugoki/Projet SI/Regime/system/Validation/StrictRules/Rules.php(187): CodeIgniter\Validation\Rules->is_unique()
#5 /home/hatsugoki/Projet SI/Regime/system/Validation/Validation.php(345): CodeIgniter\Validation\StrictRules\Rules->is_unique()
#6 /home/hatsugoki/Projet SI/Regime/system/Validation/Validation.php(210): CodeIgniter\Validation\Validation->processRules()
#7 /home/hatsugoki/Projet SI/Regime/system/Controller.php(136): CodeIgniter\Validation\Validation->run()
#8 /home/hatsugoki/Projet SI/Regime/app/Controllers/AuthController.php(268): CodeIgniter\Controller->validate()
#9 /home/hatsugoki/Projet SI/Regime/system/CodeIgniter.php(951): App\Controllers\AuthController->register()
#10 /home/hatsugoki/Projet SI/Regime/system/CodeIgniter.php(497): CodeIgniter\CodeIgniter->runController()
#11 /home/hatsugoki/Projet SI/Regime/system/CodeIgniter.php(340): CodeIgniter\CodeIgniter->handleRequest()
#12 /home/hatsugoki/Projet SI/Regime/system/Boot.php(417): CodeIgniter\CodeIgniter->run()
#13 /home/hatsugoki/Projet SI/Regime/system/Boot.php(68): CodeIgniter\Boot::runCodeIgniter()
#14 /home/hatsugoki/Projet SI/Regime/public/index.php(59): CodeIgniter\Boot::bootWeb()
#15 {main}
CRITICAL - 2026-05-09 16:56:18 --> CodeIgniter\Database\Exceptions\DatabaseException: Unable to connect to the database.
Main connection [MySQLi]: No such file or directory
[Method: POST, Route: inscription]
in SYSTEMPATH/Database/BaseConnection.php on line 606.
 1 SYSTEMPATH/Database/BaseConnection.php(795): CodeIgniter\Database\BaseConnection->initialize()
 2 SYSTEMPATH/Database/BaseBuilder.php(1649): CodeIgniter\Database\BaseConnection->query()
 3 SYSTEMPATH/Validation/Rules.php(175): CodeIgniter\Database\BaseBuilder->get()
 4 SYSTEMPATH/Validation/StrictRules/Rules.php(187): CodeIgniter\Validation\Rules->is_unique()
 5 SYSTEMPATH/Validation/Validation.php(345): CodeIgniter\Validation\StrictRules\Rules->is_unique()
 6 SYSTEMPATH/Validation/Validation.php(210): CodeIgniter\Validation\Validation->processRules()
 7 SYSTEMPATH/Controller.php(136): CodeIgniter\Validation\Validation->run()
 8 APPPATH/Controllers/AuthController.php(268): CodeIgniter\Controller->validate()
 9 SYSTEMPATH/CodeIgniter.php(951): App\Controllers\AuthController->register()
10 SYSTEMPATH/CodeIgniter.php(497): CodeIgniter\CodeIgniter->runController()
11 SYSTEMPATH/CodeIgniter.php(340): CodeIgniter\CodeIgniter->handleRequest()
12 SYSTEMPATH/Boot.php(417): CodeIgniter\CodeIgniter->run()
13 SYSTEMPATH/Boot.php(68): CodeIgniter\Boot::runCodeIgniter()
14 FCPATH/index.php(59): CodeIgniter\Boot::bootWeb()
ERROR - 2026-05-09 16:56:20 --> Error connecting to the database: mysqli_sql_exception: No such file or directory in /home/hatsugoki/Projet SI/Regime/system/Database/MySQLi/Connection.php:201
Stack trace:
#0 /home/hatsugoki/Projet SI/Regime/system/Database/MySQLi/Connection.php(201): mysqli->real_connect()
#1 /home/hatsugoki/Projet SI/Regime/system/Database/BaseConnection.php(555): CodeIgniter\Database\MySQLi\Connection->connect()
#2 /home/hatsugoki/Projet SI/Regime/system/Database/BaseConnection.php(795): CodeIgniter\Database\BaseConnection->initialize()
#3 /home/hatsugoki/Projet SI/Regime/system/Database/BaseBuilder.php(1649): CodeIgniter\Database\BaseConnection->query()
#4 /home/hatsugoki/Projet SI/Regime/system/Validation/Rules.php(175): CodeIgniter\Database\BaseBuilder->get()
#5 /home/hatsugoki/Projet SI/Regime/system/Validation/StrictRules/Rules.php(187): CodeIgniter\Validation\Rules->is_unique()
#6 /home/hatsugoki/Projet SI/Regime/system/Validation/Validation.php(345): CodeIgniter\Validation\StrictRules\Rules->is_unique()
#7 /home/hatsugoki/Projet SI/Regime/system/Validation/Validation.php(210): CodeIgniter\Validation\Validation->processRules()
#8 /home/hatsugoki/Projet SI/Regime/system/Controller.php(136): CodeIgniter\Validation\Validation->run()
#9 /home/hatsugoki/Projet SI/Regime/app/Controllers/AuthController.php(268): CodeIgniter\Controller->validate()
#10 /home/hatsugoki/Projet SI/Regime/system/CodeIgniter.php(951): App\Controllers\AuthController->register()
#11 /home/hatsugoki/Projet SI/Regime/system/CodeIgniter.php(497): CodeIgniter\CodeIgniter->runController()
#12 /home/hatsugoki/Projet SI/Regime/system/CodeIgniter.php(340): CodeIgniter\CodeIgniter->handleRequest()
#13 /home/hatsugoki/Projet SI/Regime/system/Boot.php(417): CodeIgniter\CodeIgniter->run()
#14 /home/hatsugoki/Projet SI/Regime/system/Boot.php(68): CodeIgniter\Boot::runCodeIgniter()
#15 /home/hatsugoki/Projet SI/Regime/public/index.php(59): CodeIgniter\Boot::bootWeb()
#16 {main}

Next CodeIgniter\Database\Exceptions\DatabaseException: No such file or directory in /home/hatsugoki/Projet SI/Regime/system/Database/MySQLi/Connection.php:231
Stack trace:
#0 /home/hatsugoki/Projet SI/Regime/system/Database/BaseConnection.php(555): CodeIgniter\Database\MySQLi\Connection->connect()
#1 /home/hatsugoki/Projet SI/Regime/system/Database/BaseConnection.php(795): CodeIgniter\Database\BaseConnection->initialize()
#2 /home/hatsugoki/Projet SI/Regime/system/Database/BaseBuilder.php(1649): CodeIgniter\Database\BaseConnection->query()
#3 /home/hatsugoki/Projet SI/Regime/system/Validation/Rules.php(175): CodeIgniter\Database\BaseBuilder->get()
#4 /home/hatsugoki/Projet SI/Regime/system/Validation/StrictRules/Rules.php(187): CodeIgniter\Validation\Rules->is_unique()
#5 /home/hatsugoki/Projet SI/Regime/system/Validation/Validation.php(345): CodeIgniter\Validation\StrictRules\Rules->is_unique()
#6 /home/hatsugoki/Projet SI/Regime/system/Validation/Validation.php(210): CodeIgniter\Validation\Validation->processRules()
#7 /home/hatsugoki/Projet SI/Regime/system/Controller.php(136): CodeIgniter\Validation\Validation->run()
#8 /home/hatsugoki/Projet SI/Regime/app/Controllers/AuthController.php(268): CodeIgniter\Controller->validate()
#9 /home/hatsugoki/Projet SI/Regime/system/CodeIgniter.php(951): App\Controllers\AuthController->register()
#10 /home/hatsugoki/Projet SI/Regime/system/CodeIgniter.php(497): CodeIgniter\CodeIgniter->runController()
#11 /home/hatsugoki/Projet SI/Regime/system/CodeIgniter.php(340): CodeIgniter\CodeIgniter->handleRequest()
#12 /home/hatsugoki/Projet SI/Regime/system/Boot.php(417): CodeIgniter\CodeIgniter->run()
#13 /home/hatsugoki/Projet SI/Regime/system/Boot.php(68): CodeIgniter\Boot::runCodeIgniter()
#14 /home/hatsugoki/Projet SI/Regime/public/index.php(59): CodeIgniter\Boot::bootWeb()
#15 {main}
CRITICAL - 2026-05-09 16:56:20 --> CodeIgniter\Database\Exceptions\DatabaseException: Unable to connect to the database.
Main connection [MySQLi]: No such file or directory
[Method: POST, Route: inscription]
in SYSTEMPATH/Database/BaseConnection.php on line 606.
 1 SYSTEMPATH/Database/BaseConnection.php(795): CodeIgniter\Database\BaseConnection->initialize()
 2 SYSTEMPATH/Database/BaseBuilder.php(1649): CodeIgniter\Database\BaseConnection->query()
 3 SYSTEMPATH/Validation/Rules.php(175): CodeIgniter\Database\BaseBuilder->get()
 4 SYSTEMPATH/Validation/StrictRules/Rules.php(187): CodeIgniter\Validation\Rules->is_unique()
 5 SYSTEMPATH/Validation/Validation.php(345): CodeIgniter\Validation\StrictRules\Rules->is_unique()
 6 SYSTEMPATH/Validation/Validation.php(210): CodeIgniter\Validation\Validation->processRules()
 7 SYSTEMPATH/Controller.php(136): CodeIgniter\Validation\Validation->run()
 8 APPPATH/Controllers/AuthController.php(268): CodeIgniter\Controller->validate()
 9 SYSTEMPATH/CodeIgniter.php(951): App\Controllers\AuthController->register()
10 SYSTEMPATH/CodeIgniter.php(497): CodeIgniter\CodeIgniter->runController()
11 SYSTEMPATH/CodeIgniter.php(340): CodeIgniter\CodeIgniter->handleRequest()
12 SYSTEMPATH/Boot.php(417): CodeIgniter\CodeIgniter->run()
13 SYSTEMPATH/Boot.php(68): CodeIgniter\Boot::runCodeIgniter()
14 FCPATH/index.php(59): CodeIgniter\Boot::bootWeb()
ERROR - 2026-05-09 16:56:20 --> Error connecting to the database: mysqli_sql_exception: No such file or directory in /home/hatsugoki/Projet SI/Regime/system/Database/MySQLi/Connection.php:201
Stack trace:
#0 /home/hatsugoki/Projet SI/Regime/system/Database/MySQLi/Connection.php(201): mysqli->real_connect()
#1 /home/hatsugoki/Projet SI/Regime/system/Database/BaseConnection.php(555): CodeIgniter\Database\MySQLi\Connection->connect()
#2 /home/hatsugoki/Projet SI/Regime/system/Database/BaseConnection.php(795): CodeIgniter\Database\BaseConnection->initialize()
#3 /home/hatsugoki/Projet SI/Regime/system/Database/BaseBuilder.php(1649): CodeIgniter\Database\BaseConnection->query()
#4 /home/hatsugoki/Projet SI/Regime/system/Validation/Rules.php(175): CodeIgniter\Database\BaseBuilder->get()
#5 /home/hatsugoki/Projet SI/Regime/system/Validation/StrictRules/Rules.php(187): CodeIgniter\Validation\Rules->is_unique()
#6 /home/hatsugoki/Projet SI/Regime/system/Validation/Validation.php(345): CodeIgniter\Validation\StrictRules\Rules->is_unique()
#7 /home/hatsugoki/Projet SI/Regime/system/Validation/Validation.php(210): CodeIgniter\Validation\Validation->processRules()
#8 /home/hatsugoki/Projet SI/Regime/system/Controller.php(136): CodeIgniter\Validation\Validation->run()
#9 /home/hatsugoki/Projet SI/Regime/app/Controllers/AuthController.php(268): CodeIgniter\Controller->validate()
#10 /home/hatsugoki/Projet SI/Regime/system/CodeIgniter.php(951): App\Controllers\AuthController->register()
#11 /home/hatsugoki/Projet SI/Regime/system/CodeIgniter.php(497): CodeIgniter\CodeIgniter->runController()
#12 /home/hatsugoki/Projet SI/Regime/system/CodeIgniter.php(340): CodeIgniter\CodeIgniter->handleRequest()
#13 /home/hatsugoki/Projet SI/Regime/system/Boot.php(417): CodeIgniter\CodeIgniter->run()
#14 /home/hatsugoki/Projet SI/Regime/system/Boot.php(68): CodeIgniter\Boot::runCodeIgniter()
#15 /home/hatsugoki/Projet SI/Regime/public/index.php(59): CodeIgniter\Boot::bootWeb()
#16 {main}

Next CodeIgniter\Database\Exceptions\DatabaseException: No such file or directory in /home/hatsugoki/Projet SI/Regime/system/Database/MySQLi/Connection.php:231
Stack trace:
#0 /home/hatsugoki/Projet SI/Regime/system/Database/BaseConnection.php(555): CodeIgniter\Database\MySQLi\Connection->connect()
#1 /home/hatsugoki/Projet SI/Regime/system/Database/BaseConnection.php(795): CodeIgniter\Database\BaseConnection->initialize()
#2 /home/hatsugoki/Projet SI/Regime/system/Database/BaseBuilder.php(1649): CodeIgniter\Database\BaseConnection->query()
#3 /home/hatsugoki/Projet SI/Regime/system/Validation/Rules.php(175): CodeIgniter\Database\BaseBuilder->get()
#4 /home/hatsugoki/Projet SI/Regime/system/Validation/StrictRules/Rules.php(187): CodeIgniter\Validation\Rules->is_unique()
#5 /home/hatsugoki/Projet SI/Regime/system/Validation/Validation.php(345): CodeIgniter\Validation\StrictRules\Rules->is_unique()
#6 /home/hatsugoki/Projet SI/Regime/system/Validation/Validation.php(210): CodeIgniter\Validation\Validation->processRules()
#7 /home/hatsugoki/Projet SI/Regime/system/Controller.php(136): CodeIgniter\Validation\Validation->run()
#8 /home/hatsugoki/Projet SI/Regime/app/Controllers/AuthController.php(268): CodeIgniter\Controller->validate()
#9 /home/hatsugoki/Projet SI/Regime/system/CodeIgniter.php(951): App\Controllers\AuthController->register()
#10 /home/hatsugoki/Projet SI/Regime/system/CodeIgniter.php(497): CodeIgniter\CodeIgniter->runController()
#11 /home/hatsugoki/Projet SI/Regime/system/CodeIgniter.php(340): CodeIgniter\CodeIgniter->handleRequest()
#12 /home/hatsugoki/Projet SI/Regime/system/Boot.php(417): CodeIgniter\CodeIgniter->run()
#13 /home/hatsugoki/Projet SI/Regime/system/Boot.php(68): CodeIgniter\Boot::runCodeIgniter()
#14 /home/hatsugoki/Projet SI/Regime/public/index.php(59): CodeIgniter\Boot::bootWeb()
#15 {main}
CRITICAL - 2026-05-09 16:56:20 --> CodeIgniter\Database\Exceptions\DatabaseException: Unable to connect to the database.
Main connection [MySQLi]: No such file or directory
[Method: POST, Route: inscription]
in SYSTEMPATH/Database/BaseConnection.php on line 606.
 1 SYSTEMPATH/Database/BaseConnection.php(795): CodeIgniter\Database\BaseConnection->initialize()
 2 SYSTEMPATH/Database/BaseBuilder.php(1649): CodeIgniter\Database\BaseConnection->query()
 3 SYSTEMPATH/Validation/Rules.php(175): CodeIgniter\Database\BaseBuilder->get()
 4 SYSTEMPATH/Validation/StrictRules/Rules.php(187): CodeIgniter\Validation\Rules->is_unique()
 5 SYSTEMPATH/Validation/Validation.php(345): CodeIgniter\Validation\StrictRules\Rules->is_unique()
 6 SYSTEMPATH/Validation/Validation.php(210): CodeIgniter\Validation\Validation->processRules()
 7 SYSTEMPATH/Controller.php(136): CodeIgniter\Validation\Validation->run()
 8 APPPATH/Controllers/AuthController.php(268): CodeIgniter\Controller->validate()
 9 SYSTEMPATH/CodeIgniter.php(951): App\Controllers\AuthController->register()
10 SYSTEMPATH/CodeIgniter.php(497): CodeIgniter\CodeIgniter->runController()
11 SYSTEMPATH/CodeIgniter.php(340): CodeIgniter\CodeIgniter->handleRequest()
12 SYSTEMPATH/Boot.php(417): CodeIgniter\CodeIgniter->run()
13 SYSTEMPATH/Boot.php(68): CodeIgniter\Boot::runCodeIgniter()
14 FCPATH/index.php(59): CodeIgniter\Boot::bootWeb()
ERROR - 2026-05-09 16:56:20 --> Error connecting to the database: mysqli_sql_exception: No such file or directory in /home/hatsugoki/Projet SI/Regime/system/Database/MySQLi/Connection.php:201
Stack trace:
#0 /home/hatsugoki/Projet SI/Regime/system/Database/MySQLi/Connection.php(201): mysqli->real_connect()
#1 /home/hatsugoki/Projet SI/Regime/system/Database/BaseConnection.php(555): CodeIgniter\Database\MySQLi\Connection->connect()
#2 /home/hatsugoki/Projet SI/Regime/system/Database/BaseConnection.php(795): CodeIgniter\Database\BaseConnection->initialize()
#3 /home/hatsugoki/Projet SI/Regime/system/Database/BaseBuilder.php(1649): CodeIgniter\Database\BaseConnection->query()
#4 /home/hatsugoki/Projet SI/Regime/system/Validation/Rules.php(175): CodeIgniter\Database\BaseBuilder->get()
#5 /home/hatsugoki/Projet SI/Regime/system/Validation/StrictRules/Rules.php(187): CodeIgniter\Validation\Rules->is_unique()
#6 /home/hatsugoki/Projet SI/Regime/system/Validation/Validation.php(345): CodeIgniter\Validation\StrictRules\Rules->is_unique()
#7 /home/hatsugoki/Projet SI/Regime/system/Validation/Validation.php(210): CodeIgniter\Validation\Validation->processRules()
#8 /home/hatsugoki/Projet SI/Regime/system/Controller.php(136): CodeIgniter\Validation\Validation->run()
#9 /home/hatsugoki/Projet SI/Regime/app/Controllers/AuthController.php(268): CodeIgniter\Controller->validate()
#10 /home/hatsugoki/Projet SI/Regime/system/CodeIgniter.php(951): App\Controllers\AuthController->register()
#11 /home/hatsugoki/Projet SI/Regime/system/CodeIgniter.php(497): CodeIgniter\CodeIgniter->runController()
#12 /home/hatsugoki/Projet SI/Regime/system/CodeIgniter.php(340): CodeIgniter\CodeIgniter->handleRequest()
#13 /home/hatsugoki/Projet SI/Regime/system/Boot.php(417): CodeIgniter\CodeIgniter->run()
#14 /home/hatsugoki/Projet SI/Regime/system/Boot.php(68): CodeIgniter\Boot::runCodeIgniter()
#15 /home/hatsugoki/Projet SI/Regime/public/index.php(59): CodeIgniter\Boot::bootWeb()
#16 {main}

Next CodeIgniter\Database\Exceptions\DatabaseException: No such file or directory in /home/hatsugoki/Projet SI/Regime/system/Database/MySQLi/Connection.php:231
Stack trace:
#0 /home/hatsugoki/Projet SI/Regime/system/Database/BaseConnection.php(555): CodeIgniter\Database\MySQLi\Connection->connect()
#1 /home/hatsugoki/Projet SI/Regime/system/Database/BaseConnection.php(795): CodeIgniter\Database\BaseConnection->initialize()
#2 /home/hatsugoki/Projet SI/Regime/system/Database/BaseBuilder.php(1649): CodeIgniter\Database\BaseConnection->query()
#3 /home/hatsugoki/Projet SI/Regime/system/Validation/Rules.php(175): CodeIgniter\Database\BaseBuilder->get()
#4 /home/hatsugoki/Projet SI/Regime/system/Validation/StrictRules/Rules.php(187): CodeIgniter\Validation\Rules->is_unique()
#5 /home/hatsugoki/Projet SI/Regime/system/Validation/Validation.php(345): CodeIgniter\Validation\StrictRules\Rules->is_unique()
#6 /home/hatsugoki/Projet SI/Regime/system/Validation/Validation.php(210): CodeIgniter\Validation\Validation->processRules()
#7 /home/hatsugoki/Projet SI/Regime/system/Controller.php(136): CodeIgniter\Validation\Validation->run()
#8 /home/hatsugoki/Projet SI/Regime/app/Controllers/AuthController.php(268): CodeIgniter\Controller->validate()
#9 /home/hatsugoki/Projet SI/Regime/system/CodeIgniter.php(951): App\Controllers\AuthController->register()
#10 /home/hatsugoki/Projet SI/Regime/system/CodeIgniter.php(497): CodeIgniter\CodeIgniter->runController()
#11 /home/hatsugoki/Projet SI/Regime/system/CodeIgniter.php(340): CodeIgniter\CodeIgniter->handleRequest()
#12 /home/hatsugoki/Projet SI/Regime/system/Boot.php(417): CodeIgniter\CodeIgniter->run()
#13 /home/hatsugoki/Projet SI/Regime/system/Boot.php(68): CodeIgniter\Boot::runCodeIgniter()
#14 /home/hatsugoki/Projet SI/Regime/public/index.php(59): CodeIgniter\Boot::bootWeb()
#15 {main}
CRITICAL - 2026-05-09 16:56:20 --> CodeIgniter\Database\Exceptions\DatabaseException: Unable to connect to the database.
Main connection [MySQLi]: No such file or directory
[Method: POST, Route: inscription]
in SYSTEMPATH/Database/BaseConnection.php on line 606.
 1 SYSTEMPATH/Database/BaseConnection.php(795): CodeIgniter\Database\BaseConnection->initialize()
 2 SYSTEMPATH/Database/BaseBuilder.php(1649): CodeIgniter\Database\BaseConnection->query()
 3 SYSTEMPATH/Validation/Rules.php(175): CodeIgniter\Database\BaseBuilder->get()
 4 SYSTEMPATH/Validation/StrictRules/Rules.php(187): CodeIgniter\Validation\Rules->is_unique()
 5 SYSTEMPATH/Validation/Validation.php(345): CodeIgniter\Validation\StrictRules\Rules->is_unique()
 6 SYSTEMPATH/Validation/Validation.php(210): CodeIgniter\Validation\Validation->processRules()
 7 SYSTEMPATH/Controller.php(136): CodeIgniter\Validation\Validation->run()
 8 APPPATH/Controllers/AuthController.php(268): CodeIgniter\Controller->validate()
 9 SYSTEMPATH/CodeIgniter.php(951): App\Controllers\AuthController->register()
10 SYSTEMPATH/CodeIgniter.php(497): CodeIgniter\CodeIgniter->runController()
11 SYSTEMPATH/CodeIgniter.php(340): CodeIgniter\CodeIgniter->handleRequest()
12 SYSTEMPATH/Boot.php(417): CodeIgniter\CodeIgniter->run()
13 SYSTEMPATH/Boot.php(68): CodeIgniter\Boot::runCodeIgniter()
14 FCPATH/index.php(59): CodeIgniter\Boot::bootWeb()
ERROR - 2026-05-09 16:56:31 --> Error connecting to the database: mysqli_sql_exception: No such file or directory in /home/hatsugoki/Projet SI/Regime/system/Database/MySQLi/Connection.php:201
Stack trace:
#0 /home/hatsugoki/Projet SI/Regime/system/Database/MySQLi/Connection.php(201): mysqli->real_connect()
#1 /home/hatsugoki/Projet SI/Regime/system/Database/BaseConnection.php(555): CodeIgniter\Database\MySQLi\Connection->connect()
#2 /home/hatsugoki/Projet SI/Regime/system/Database/BaseConnection.php(795): CodeIgniter\Database\BaseConnection->initialize()
#3 /home/hatsugoki/Projet SI/Regime/system/Database/BaseBuilder.php(1649): CodeIgniter\Database\BaseConnection->query()
#4 /home/hatsugoki/Projet SI/Regime/system/Validation/Rules.php(175): CodeIgniter\Database\BaseBuilder->get()
#5 /home/hatsugoki/Projet SI/Regime/system/Validation/StrictRules/Rules.php(187): CodeIgniter\Validation\Rules->is_unique()
#6 /home/hatsugoki/Projet SI/Regime/system/Validation/Validation.php(345): CodeIgniter\Validation\StrictRules\Rules->is_unique()
#7 /home/hatsugoki/Projet SI/Regime/system/Validation/Validation.php(210): CodeIgniter\Validation\Validation->processRules()
#8 /home/hatsugoki/Projet SI/Regime/system/Controller.php(136): CodeIgniter\Validation\Validation->run()
#9 /home/hatsugoki/Projet SI/Regime/app/Controllers/AuthController.php(268): CodeIgniter\Controller->validate()
#10 /home/hatsugoki/Projet SI/Regime/system/CodeIgniter.php(951): App\Controllers\AuthController->register()
#11 /home/hatsugoki/Projet SI/Regime/system/CodeIgniter.php(497): CodeIgniter\CodeIgniter->runController()
#12 /home/hatsugoki/Projet SI/Regime/system/CodeIgniter.php(340): CodeIgniter\CodeIgniter->handleRequest()
#13 /home/hatsugoki/Projet SI/Regime/system/Boot.php(417): CodeIgniter\CodeIgniter->run()
#14 /home/hatsugoki/Projet SI/Regime/system/Boot.php(68): CodeIgniter\Boot::runCodeIgniter()
#15 /home/hatsugoki/Projet SI/Regime/public/index.php(59): CodeIgniter\Boot::bootWeb()
#16 {main}

Next CodeIgniter\Database\Exceptions\DatabaseException: No such file or directory in /home/hatsugoki/Projet SI/Regime/system/Database/MySQLi/Connection.php:231
Stack trace:
#0 /home/hatsugoki/Projet SI/Regime/system/Database/BaseConnection.php(555): CodeIgniter\Database\MySQLi\Connection->connect()
#1 /home/hatsugoki/Projet SI/Regime/system/Database/BaseConnection.php(795): CodeIgniter\Database\BaseConnection->initialize()
#2 /home/hatsugoki/Projet SI/Regime/system/Database/BaseBuilder.php(1649): CodeIgniter\Database\BaseConnection->query()
#3 /home/hatsugoki/Projet SI/Regime/system/Validation/Rules.php(175): CodeIgniter\Database\BaseBuilder->get()
#4 /home/hatsugoki/Projet SI/Regime/system/Validation/StrictRules/Rules.php(187): CodeIgniter\Validation\Rules->is_unique()
#5 /home/hatsugoki/Projet SI/Regime/system/Validation/Validation.php(345): CodeIgniter\Validation\StrictRules\Rules->is_unique()
#6 /home/hatsugoki/Projet SI/Regime/system/Validation/Validation.php(210): CodeIgniter\Validation\Validation->processRules()
#7 /home/hatsugoki/Projet SI/Regime/system/Controller.php(136): CodeIgniter\Validation\Validation->run()
#8 /home/hatsugoki/Projet SI/Regime/app/Controllers/AuthController.php(268): CodeIgniter\Controller->validate()
#9 /home/hatsugoki/Projet SI/Regime/system/CodeIgniter.php(951): App\Controllers\AuthController->register()
#10 /home/hatsugoki/Projet SI/Regime/system/CodeIgniter.php(497): CodeIgniter\CodeIgniter->runController()
#11 /home/hatsugoki/Projet SI/Regime/system/CodeIgniter.php(340): CodeIgniter\CodeIgniter->handleRequest()
#12 /home/hatsugoki/Projet SI/Regime/system/Boot.php(417): CodeIgniter\CodeIgniter->run()
#13 /home/hatsugoki/Projet SI/Regime/system/Boot.php(68): CodeIgniter\Boot::runCodeIgniter()
#14 /home/hatsugoki/Projet SI/Regime/public/index.php(59): CodeIgniter\Boot::bootWeb()
#15 {main}
CRITICAL - 2026-05-09 16:56:31 --> CodeIgniter\Database\Exceptions\DatabaseException: Unable to connect to the database.
Main connection [MySQLi]: No such file or directory
[Method: POST, Route: inscription]
in SYSTEMPATH/Database/BaseConnection.php on line 606.
 1 SYSTEMPATH/Database/BaseConnection.php(795): CodeIgniter\Database\BaseConnection->initialize()
 2 SYSTEMPATH/Database/BaseBuilder.php(1649): CodeIgniter\Database\BaseConnection->query()
 3 SYSTEMPATH/Validation/Rules.php(175): CodeIgniter\Database\BaseBuilder->get()
 4 SYSTEMPATH/Validation/StrictRules/Rules.php(187): CodeIgniter\Validation\Rules->is_unique()
 5 SYSTEMPATH/Validation/Validation.php(345): CodeIgniter\Validation\StrictRules\Rules->is_unique()
 6 SYSTEMPATH/Validation/Validation.php(210): CodeIgniter\Validation\Validation->processRules()
 7 SYSTEMPATH/Controller.php(136): CodeIgniter\Validation\Validation->run()
 8 APPPATH/Controllers/AuthController.php(268): CodeIgniter\Controller->validate()
 9 SYSTEMPATH/CodeIgniter.php(951): App\Controllers\AuthController->register()
10 SYSTEMPATH/CodeIgniter.php(497): CodeIgniter\CodeIgniter->runController()
11 SYSTEMPATH/CodeIgniter.php(340): CodeIgniter\CodeIgniter->handleRequest()
12 SYSTEMPATH/Boot.php(417): CodeIgniter\CodeIgniter->run()
13 SYSTEMPATH/Boot.php(68): CodeIgniter\Boot::runCodeIgniter()
14 FCPATH/index.php(59): CodeIgniter\Boot::bootWeb()
ERROR - 2026-05-09 16:56:31 --> Error connecting to the database: mysqli_sql_exception: No such file or directory in /home/hatsugoki/Projet SI/Regime/system/Database/MySQLi/Connection.php:201
Stack trace:
#0 /home/hatsugoki/Projet SI/Regime/system/Database/MySQLi/Connection.php(201): mysqli->real_connect()
#1 /home/hatsugoki/Projet SI/Regime/system/Database/BaseConnection.php(555): CodeIgniter\Database\MySQLi\Connection->connect()
#2 /home/hatsugoki/Projet SI/Regime/system/Database/BaseConnection.php(795): CodeIgniter\Database\BaseConnection->initialize()
#3 /home/hatsugoki/Projet SI/Regime/system/Database/BaseBuilder.php(1649): CodeIgniter\Database\BaseConnection->query()
#4 /home/hatsugoki/Projet SI/Regime/system/Validation/Rules.php(175): CodeIgniter\Database\BaseBuilder->get()
#5 /home/hatsugoki/Projet SI/Regime/system/Validation/StrictRules/Rules.php(187): CodeIgniter\Validation\Rules->is_unique()
#6 /home/hatsugoki/Projet SI/Regime/system/Validation/Validation.php(345): CodeIgniter\Validation\StrictRules\Rules->is_unique()
#7 /home/hatsugoki/Projet SI/Regime/system/Validation/Validation.php(210): CodeIgniter\Validation\Validation->processRules()
#8 /home/hatsugoki/Projet SI/Regime/system/Controller.php(136): CodeIgniter\Validation\Validation->run()
#9 /home/hatsugoki/Projet SI/Regime/app/Controllers/AuthController.php(268): CodeIgniter\Controller->validate()
#10 /home/hatsugoki/Projet SI/Regime/system/CodeIgniter.php(951): App\Controllers\AuthController->register()
#11 /home/hatsugoki/Projet SI/Regime/system/CodeIgniter.php(497): CodeIgniter\CodeIgniter->runController()
#12 /home/hatsugoki/Projet SI/Regime/system/CodeIgniter.php(340): CodeIgniter\CodeIgniter->handleRequest()
#13 /home/hatsugoki/Projet SI/Regime/system/Boot.php(417): CodeIgniter\CodeIgniter->run()
#14 /home/hatsugoki/Projet SI/Regime/system/Boot.php(68): CodeIgniter\Boot::runCodeIgniter()
#15 /home/hatsugoki/Projet SI/Regime/public/index.php(59): CodeIgniter\Boot::bootWeb()
#16 {main}

Next CodeIgniter\Database\Exceptions\DatabaseException: No such file or directory in /home/hatsugoki/Projet SI/Regime/system/Database/MySQLi/Connection.php:231
Stack trace:
#0 /home/hatsugoki/Projet SI/Regime/system/Database/BaseConnection.php(555): CodeIgniter\Database\MySQLi\Connection->connect()
#1 /home/hatsugoki/Projet SI/Regime/system/Database/BaseConnection.php(795): CodeIgniter\Database\BaseConnection->initialize()
#2 /home/hatsugoki/Projet SI/Regime/system/Database/BaseBuilder.php(1649): CodeIgniter\Database\BaseConnection->query()
#3 /home/hatsugoki/Projet SI/Regime/system/Validation/Rules.php(175): CodeIgniter\Database\BaseBuilder->get()
#4 /home/hatsugoki/Projet SI/Regime/system/Validation/StrictRules/Rules.php(187): CodeIgniter\Validation\Rules->is_unique()
#5 /home/hatsugoki/Projet SI/Regime/system/Validation/Validation.php(345): CodeIgniter\Validation\StrictRules\Rules->is_unique()
#6 /home/hatsugoki/Projet SI/Regime/system/Validation/Validation.php(210): CodeIgniter\Validation\Validation->processRules()
#7 /home/hatsugoki/Projet SI/Regime/system/Controller.php(136): CodeIgniter\Validation\Validation->run()
#8 /home/hatsugoki/Projet SI/Regime/app/Controllers/AuthController.php(268): CodeIgniter\Controller->validate()
#9 /home/hatsugoki/Projet SI/Regime/system/CodeIgniter.php(951): App\Controllers\AuthController->register()
#10 /home/hatsugoki/Projet SI/Regime/system/CodeIgniter.php(497): CodeIgniter\CodeIgniter->runController()
#11 /home/hatsugoki/Projet SI/Regime/system/CodeIgniter.php(340): CodeIgniter\CodeIgniter->handleRequest()
#12 /home/hatsugoki/Projet SI/Regime/system/Boot.php(417): CodeIgniter\CodeIgniter->run()
#13 /home/hatsugoki/Projet SI/Regime/system/Boot.php(68): CodeIgniter\Boot::runCodeIgniter()
#14 /home/hatsugoki/Projet SI/Regime/public/index.php(59): CodeIgniter\Boot::bootWeb()
#15 {main}
CRITICAL - 2026-05-09 16:56:31 --> CodeIgniter\Database\Exceptions\DatabaseException: Unable to connect to the database.
Main connection [MySQLi]: No such file or directory
[Method: POST, Route: inscription]
in SYSTEMPATH/Database/BaseConnection.php on line 606.
 1 SYSTEMPATH/Database/BaseConnection.php(795): CodeIgniter\Database\BaseConnection->initialize()
 2 SYSTEMPATH/Database/BaseBuilder.php(1649): CodeIgniter\Database\BaseConnection->query()
 3 SYSTEMPATH/Validation/Rules.php(175): CodeIgniter\Database\BaseBuilder->get()
 4 SYSTEMPATH/Validation/StrictRules/Rules.php(187): CodeIgniter\Validation\Rules->is_unique()
 5 SYSTEMPATH/Validation/Validation.php(345): CodeIgniter\Validation\StrictRules\Rules->is_unique()
 6 SYSTEMPATH/Validation/Validation.php(210): CodeIgniter\Validation\Validation->processRules()
 7 SYSTEMPATH/Controller.php(136): CodeIgniter\Validation\Validation->run()
 8 APPPATH/Controllers/AuthController.php(268): CodeIgniter\Controller->validate()
 9 SYSTEMPATH/CodeIgniter.php(951): App\Controllers\AuthController->register()
10 SYSTEMPATH/CodeIgniter.php(497): CodeIgniter\CodeIgniter->runController()
11 SYSTEMPATH/CodeIgniter.php(340): CodeIgniter\CodeIgniter->handleRequest()
12 SYSTEMPATH/Boot.php(417): CodeIgniter\CodeIgniter->run()
13 SYSTEMPATH/Boot.php(68): CodeIgniter\Boot::runCodeIgniter()
14 FCPATH/index.php(59): CodeIgniter\Boot::bootWeb()
ERROR - 2026-05-09 16:56:31 --> Error connecting to the database: mysqli_sql_exception: No such file or directory in /home/hatsugoki/Projet SI/Regime/system/Database/MySQLi/Connection.php:201
Stack trace:
#0 /home/hatsugoki/Projet SI/Regime/system/Database/MySQLi/Connection.php(201): mysqli->real_connect()
#1 /home/hatsugoki/Projet SI/Regime/system/Database/BaseConnection.php(555): CodeIgniter\Database\MySQLi\Connection->connect()
#2 /home/hatsugoki/Projet SI/Regime/system/Database/BaseConnection.php(795): CodeIgniter\Database\BaseConnection->initialize()
#3 /home/hatsugoki/Projet SI/Regime/system/Database/BaseBuilder.php(1649): CodeIgniter\Database\BaseConnection->query()
#4 /home/hatsugoki/Projet SI/Regime/system/Validation/Rules.php(175): CodeIgniter\Database\BaseBuilder->get()
#5 /home/hatsugoki/Projet SI/Regime/system/Validation/StrictRules/Rules.php(187): CodeIgniter\Validation\Rules->is_unique()
#6 /home/hatsugoki/Projet SI/Regime/system/Validation/Validation.php(345): CodeIgniter\Validation\StrictRules\Rules->is_unique()
#7 /home/hatsugoki/Projet SI/Regime/system/Validation/Validation.php(210): CodeIgniter\Validation\Validation->processRules()
#8 /home/hatsugoki/Projet SI/Regime/system/Controller.php(136): CodeIgniter\Validation\Validation->run()
#9 /home/hatsugoki/Projet SI/Regime/app/Controllers/AuthController.php(268): CodeIgniter\Controller->validate()
#10 /home/hatsugoki/Projet SI/Regime/system/CodeIgniter.php(951): App\Controllers\AuthController->register()
#11 /home/hatsugoki/Projet SI/Regime/system/CodeIgniter.php(497): CodeIgniter\CodeIgniter->runController()
#12 /home/hatsugoki/Projet SI/Regime/system/CodeIgniter.php(340): CodeIgniter\CodeIgniter->handleRequest()
#13 /home/hatsugoki/Projet SI/Regime/system/Boot.php(417): CodeIgniter\CodeIgniter->run()
#14 /home/hatsugoki/Projet SI/Regime/system/Boot.php(68): CodeIgniter\Boot::runCodeIgniter()
#15 /home/hatsugoki/Projet SI/Regime/public/index.php(59): CodeIgniter\Boot::bootWeb()
#16 {main}

Next CodeIgniter\Database\Exceptions\DatabaseException: No such file or directory in /home/hatsugoki/Projet SI/Regime/system/Database/MySQLi/Connection.php:231
Stack trace:
#0 /home/hatsugoki/Projet SI/Regime/system/Database/BaseConnection.php(555): CodeIgniter\Database\MySQLi\Connection->connect()
#1 /home/hatsugoki/Projet SI/Regime/system/Database/BaseConnection.php(795): CodeIgniter\Database\BaseConnection->initialize()
#2 /home/hatsugoki/Projet SI/Regime/system/Database/BaseBuilder.php(1649): CodeIgniter\Database\BaseConnection->query()
#3 /home/hatsugoki/Projet SI/Regime/system/Validation/Rules.php(175): CodeIgniter\Database\BaseBuilder->get()
#4 /home/hatsugoki/Projet SI/Regime/system/Validation/StrictRules/Rules.php(187): CodeIgniter\Validation\Rules->is_unique()
#5 /home/hatsugoki/Projet SI/Regime/system/Validation/Validation.php(345): CodeIgniter\Validation\StrictRules\Rules->is_unique()
#6 /home/hatsugoki/Projet SI/Regime/system/Validation/Validation.php(210): CodeIgniter\Validation\Validation->processRules()
#7 /home/hatsugoki/Projet SI/Regime/system/Controller.php(136): CodeIgniter\Validation\Validation->run()
#8 /home/hatsugoki/Projet SI/Regime/app/Controllers/AuthController.php(268): CodeIgniter\Controller->validate()
#9 /home/hatsugoki/Projet SI/Regime/system/CodeIgniter.php(951): App\Controllers\AuthController->register()
#10 /home/hatsugoki/Projet SI/Regime/system/CodeIgniter.php(497): CodeIgniter\CodeIgniter->runController()
#11 /home/hatsugoki/Projet SI/Regime/system/CodeIgniter.php(340): CodeIgniter\CodeIgniter->handleRequest()
#12 /home/hatsugoki/Projet SI/Regime/system/Boot.php(417): CodeIgniter\CodeIgniter->run()
#13 /home/hatsugoki/Projet SI/Regime/system/Boot.php(68): CodeIgniter\Boot::runCodeIgniter()
#14 /home/hatsugoki/Projet SI/Regime/public/index.php(59): CodeIgniter\Boot::bootWeb()
#15 {main}
CRITICAL - 2026-05-09 16:56:31 --> CodeIgniter\Database\Exceptions\DatabaseException: Unable to connect to the database.
Main connection [MySQLi]: No such file or directory
[Method: POST, Route: inscription]
in SYSTEMPATH/Database/BaseConnection.php on line 606.
 1 SYSTEMPATH/Database/BaseConnection.php(795): CodeIgniter\Database\BaseConnection->initialize()
 2 SYSTEMPATH/Database/BaseBuilder.php(1649): CodeIgniter\Database\BaseConnection->query()
 3 SYSTEMPATH/Validation/Rules.php(175): CodeIgniter\Database\BaseBuilder->get()
 4 SYSTEMPATH/Validation/StrictRules/Rules.php(187): CodeIgniter\Validation\Rules->is_unique()
 5 SYSTEMPATH/Validation/Validation.php(345): CodeIgniter\Validation\StrictRules\Rules->is_unique()
 6 SYSTEMPATH/Validation/Validation.php(210): CodeIgniter\Validation\Validation->processRules()
 7 SYSTEMPATH/Controller.php(136): CodeIgniter\Validation\Validation->run()
 8 APPPATH/Controllers/AuthController.php(268): CodeIgniter\Controller->validate()
 9 SYSTEMPATH/CodeIgniter.php(951): App\Controllers\AuthController->register()
10 SYSTEMPATH/CodeIgniter.php(497): CodeIgniter\CodeIgniter->runController()
11 SYSTEMPATH/CodeIgniter.php(340): CodeIgniter\CodeIgniter->handleRequest()
12 SYSTEMPATH/Boot.php(417): CodeIgniter\CodeIgniter->run()
13 SYSTEMPATH/Boot.php(68): CodeIgniter\Boot::runCodeIgniter()
14 FCPATH/index.php(59): CodeIgniter\Boot::bootWeb()
ERROR - 2026-05-09 16:56:32 --> Error connecting to the database: mysqli_sql_exception: No such file or directory in /home/hatsugoki/Projet SI/Regime/system/Database/MySQLi/Connection.php:201
Stack trace:
#0 /home/hatsugoki/Projet SI/Regime/system/Database/MySQLi/Connection.php(201): mysqli->real_connect()
#1 /home/hatsugoki/Projet SI/Regime/system/Database/BaseConnection.php(555): CodeIgniter\Database\MySQLi\Connection->connect()
#2 /home/hatsugoki/Projet SI/Regime/system/Database/BaseConnection.php(795): CodeIgniter\Database\BaseConnection->initialize()
#3 /home/hatsugoki/Projet SI/Regime/system/Database/BaseBuilder.php(1649): CodeIgniter\Database\BaseConnection->query()
#4 /home/hatsugoki/Projet SI/Regime/system/Validation/Rules.php(175): CodeIgniter\Database\BaseBuilder->get()
#5 /home/hatsugoki/Projet SI/Regime/system/Validation/StrictRules/Rules.php(187): CodeIgniter\Validation\Rules->is_unique()
#6 /home/hatsugoki/Projet SI/Regime/system/Validation/Validation.php(345): CodeIgniter\Validation\StrictRules\Rules->is_unique()
#7 /home/hatsugoki/Projet SI/Regime/system/Validation/Validation.php(210): CodeIgniter\Validation\Validation->processRules()
#8 /home/hatsugoki/Projet SI/Regime/system/Controller.php(136): CodeIgniter\Validation\Validation->run()
#9 /home/hatsugoki/Projet SI/Regime/app/Controllers/AuthController.php(268): CodeIgniter\Controller->validate()
#10 /home/hatsugoki/Projet SI/Regime/system/CodeIgniter.php(951): App\Controllers\AuthController->register()
#11 /home/hatsugoki/Projet SI/Regime/system/CodeIgniter.php(497): CodeIgniter\CodeIgniter->runController()
#12 /home/hatsugoki/Projet SI/Regime/system/CodeIgniter.php(340): CodeIgniter\CodeIgniter->handleRequest()
#13 /home/hatsugoki/Projet SI/Regime/system/Boot.php(417): CodeIgniter\CodeIgniter->run()
#14 /home/hatsugoki/Projet SI/Regime/system/Boot.php(68): CodeIgniter\Boot::runCodeIgniter()
#15 /home/hatsugoki/Projet SI/Regime/public/index.php(59): CodeIgniter\Boot::bootWeb()
#16 {main}

Next CodeIgniter\Database\Exceptions\DatabaseException: No such file or directory in /home/hatsugoki/Projet SI/Regime/system/Database/MySQLi/Connection.php:231
Stack trace:
#0 /home/hatsugoki/Projet SI/Regime/system/Database/BaseConnection.php(555): CodeIgniter\Database\MySQLi\Connection->connect()
#1 /home/hatsugoki/Projet SI/Regime/system/Database/BaseConnection.php(795): CodeIgniter\Database\BaseConnection->initialize()
#2 /home/hatsugoki/Projet SI/Regime/system/Database/BaseBuilder.php(1649): CodeIgniter\Database\BaseConnection->query()
#3 /home/hatsugoki/Projet SI/Regime/system/Validation/Rules.php(175): CodeIgniter\Database\BaseBuilder->get()
#4 /home/hatsugoki/Projet SI/Regime/system/Validation/StrictRules/Rules.php(187): CodeIgniter\Validation\Rules->is_unique()
#5 /home/hatsugoki/Projet SI/Regime/system/Validation/Validation.php(345): CodeIgniter\Validation\StrictRules\Rules->is_unique()
#6 /home/hatsugoki/Projet SI/Regime/system/Validation/Validation.php(210): CodeIgniter\Validation\Validation->processRules()
#7 /home/hatsugoki/Projet SI/Regime/system/Controller.php(136): CodeIgniter\Validation\Validation->run()
#8 /home/hatsugoki/Projet SI/Regime/app/Controllers/AuthController.php(268): CodeIgniter\Controller->validate()
#9 /home/hatsugoki/Projet SI/Regime/system/CodeIgniter.php(951): App\Controllers\AuthController->register()
#10 /home/hatsugoki/Projet SI/Regime/system/CodeIgniter.php(497): CodeIgniter\CodeIgniter->runController()
#11 /home/hatsugoki/Projet SI/Regime/system/CodeIgniter.php(340): CodeIgniter\CodeIgniter->handleRequest()
#12 /home/hatsugoki/Projet SI/Regime/system/Boot.php(417): CodeIgniter\CodeIgniter->run()
#13 /home/hatsugoki/Projet SI/Regime/system/Boot.php(68): CodeIgniter\Boot::runCodeIgniter()
#14 /home/hatsugoki/Projet SI/Regime/public/index.php(59): CodeIgniter\Boot::bootWeb()
#15 {main}
CRITICAL - 2026-05-09 16:56:32 --> CodeIgniter\Database\Exceptions\DatabaseException: Unable to connect to the database.
Main connection [MySQLi]: No such file or directory
[Method: POST, Route: inscription]
in SYSTEMPATH/Database/BaseConnection.php on line 606.
 1 SYSTEMPATH/Database/BaseConnection.php(795): CodeIgniter\Database\BaseConnection->initialize()
 2 SYSTEMPATH/Database/BaseBuilder.php(1649): CodeIgniter\Database\BaseConnection->query()
 3 SYSTEMPATH/Validation/Rules.php(175): CodeIgniter\Database\BaseBuilder->get()
 4 SYSTEMPATH/Validation/StrictRules/Rules.php(187): CodeIgniter\Validation\Rules->is_unique()
 5 SYSTEMPATH/Validation/Validation.php(345): CodeIgniter\Validation\StrictRules\Rules->is_unique()
 6 SYSTEMPATH/Validation/Validation.php(210): CodeIgniter\Validation\Validation->processRules()
 7 SYSTEMPATH/Controller.php(136): CodeIgniter\Validation\Validation->run()
 8 APPPATH/Controllers/AuthController.php(268): CodeIgniter\Controller->validate()
 9 SYSTEMPATH/CodeIgniter.php(951): App\Controllers\AuthController->register()
10 SYSTEMPATH/CodeIgniter.php(497): CodeIgniter\CodeIgniter->runController()
11 SYSTEMPATH/CodeIgniter.php(340): CodeIgniter\CodeIgniter->handleRequest()
12 SYSTEMPATH/Boot.php(417): CodeIgniter\CodeIgniter->run()
13 SYSTEMPATH/Boot.php(68): CodeIgniter\Boot::runCodeIgniter()
14 FCPATH/index.php(59): CodeIgniter\Boot::bootWeb()
ERROR - 2026-05-09 16:57:02 --> Error connecting to the database: mysqli_sql_exception: No such file or directory in /home/hatsugoki/Projet SI/Regime/system/Database/MySQLi/Connection.php:201
Stack trace:
#0 /home/hatsugoki/Projet SI/Regime/system/Database/MySQLi/Connection.php(201): mysqli->real_connect()
#1 /home/hatsugoki/Projet SI/Regime/system/Database/BaseConnection.php(555): CodeIgniter\Database\MySQLi\Connection->connect()
#2 /home/hatsugoki/Projet SI/Regime/system/Database/BaseConnection.php(795): CodeIgniter\Database\BaseConnection->initialize()
#3 /home/hatsugoki/Projet SI/Regime/system/Database/BaseBuilder.php(1649): CodeIgniter\Database\BaseConnection->query()
#4 /home/hatsugoki/Projet SI/Regime/system/Model.php(253): CodeIgniter\Database\BaseBuilder->get()
#5 /home/hatsugoki/Projet SI/Regime/system/BaseModel.php(676): CodeIgniter\Model->doFindAll()
#6 /home/hatsugoki/Projet SI/Regime/app/Controllers/RegimeFrontend.php(13): CodeIgniter\BaseModel->findAll()
#7 /home/hatsugoki/Projet SI/Regime/system/CodeIgniter.php(951): App\Controllers\RegimeFrontend->index()
#8 /home/hatsugoki/Projet SI/Regime/system/CodeIgniter.php(497): CodeIgniter\CodeIgniter->runController()
#9 /home/hatsugoki/Projet SI/Regime/system/CodeIgniter.php(340): CodeIgniter\CodeIgniter->handleRequest()
#10 /home/hatsugoki/Projet SI/Regime/system/Boot.php(417): CodeIgniter\CodeIgniter->run()
#11 /home/hatsugoki/Projet SI/Regime/system/Boot.php(68): CodeIgniter\Boot::runCodeIgniter()
#12 /home/hatsugoki/Projet SI/Regime/public/index.php(59): CodeIgniter\Boot::bootWeb()
#13 {main}

Next CodeIgniter\Database\Exceptions\DatabaseException: No such file or directory in /home/hatsugoki/Projet SI/Regime/system/Database/MySQLi/Connection.php:231
Stack trace:
#0 /home/hatsugoki/Projet SI/Regime/system/Database/BaseConnection.php(555): CodeIgniter\Database\MySQLi\Connection->connect()
#1 /home/hatsugoki/Projet SI/Regime/system/Database/BaseConnection.php(795): CodeIgniter\Database\BaseConnection->initialize()
#2 /home/hatsugoki/Projet SI/Regime/system/Database/BaseBuilder.php(1649): CodeIgniter\Database\BaseConnection->query()
#3 /home/hatsugoki/Projet SI/Regime/system/Model.php(253): CodeIgniter\Database\BaseBuilder->get()
#4 /home/hatsugoki/Projet SI/Regime/system/BaseModel.php(676): CodeIgniter\Model->doFindAll()
#5 /home/hatsugoki/Projet SI/Regime/app/Controllers/RegimeFrontend.php(13): CodeIgniter\BaseModel->findAll()
#6 /home/hatsugoki/Projet SI/Regime/system/CodeIgniter.php(951): App\Controllers\RegimeFrontend->index()
#7 /home/hatsugoki/Projet SI/Regime/system/CodeIgniter.php(497): CodeIgniter\CodeIgniter->runController()
#8 /home/hatsugoki/Projet SI/Regime/system/CodeIgniter.php(340): CodeIgniter\CodeIgniter->handleRequest()
#9 /home/hatsugoki/Projet SI/Regime/system/Boot.php(417): CodeIgniter\CodeIgniter->run()
#10 /home/hatsugoki/Projet SI/Regime/system/Boot.php(68): CodeIgniter\Boot::runCodeIgniter()
#11 /home/hatsugoki/Projet SI/Regime/public/index.php(59): CodeIgniter\Boot::bootWeb()
#12 {main}
CRITICAL - 2026-05-09 16:57:02 --> CodeIgniter\Database\Exceptions\DatabaseException: Unable to connect to the database.
Main connection [MySQLi]: No such file or directory
[Method: GET, Route: regimes]
in SYSTEMPATH/Database/BaseConnection.php on line 606.
 1 SYSTEMPATH/Database/BaseConnection.php(795): CodeIgniter\Database\BaseConnection->initialize()
 2 SYSTEMPATH/Database/BaseBuilder.php(1649): CodeIgniter\Database\BaseConnection->query()
 3 SYSTEMPATH/Model.php(253): CodeIgniter\Database\BaseBuilder->get()
 4 SYSTEMPATH/BaseModel.php(676): CodeIgniter\Model->doFindAll()
 5 APPPATH/Controllers/RegimeFrontend.php(13): CodeIgniter\BaseModel->findAll()
 6 SYSTEMPATH/CodeIgniter.php(951): App\Controllers\RegimeFrontend->index()
 7 SYSTEMPATH/CodeIgniter.php(497): CodeIgniter\CodeIgniter->runController()
 8 SYSTEMPATH/CodeIgniter.php(340): CodeIgniter\CodeIgniter->handleRequest()
 9 SYSTEMPATH/Boot.php(417): CodeIgniter\CodeIgniter->run()
10 SYSTEMPATH/Boot.php(68): CodeIgniter\Boot::runCodeIgniter()
11 FCPATH/index.php(59): CodeIgniter\Boot::bootWeb()
ERROR - 2026-05-09 16:57:07 --> Error connecting to the database: mysqli_sql_exception: No such file or directory in /home/hatsugoki/Projet SI/Regime/system/Database/MySQLi/Connection.php:201
Stack trace:
#0 /home/hatsugoki/Projet SI/Regime/system/Database/MySQLi/Connection.php(201): mysqli->real_connect()
#1 /home/hatsugoki/Projet SI/Regime/system/Database/BaseConnection.php(555): CodeIgniter\Database\MySQLi\Connection->connect()
#2 /home/hatsugoki/Projet SI/Regime/system/Database/BaseConnection.php(795): CodeIgniter\Database\BaseConnection->initialize()
#3 /home/hatsugoki/Projet SI/Regime/system/Database/BaseBuilder.php(1649): CodeIgniter\Database\BaseConnection->query()
#4 /home/hatsugoki/Projet SI/Regime/system/Model.php(253): CodeIgniter\Database\BaseBuilder->get()
#5 /home/hatsugoki/Projet SI/Regime/system/BaseModel.php(676): CodeIgniter\Model->doFindAll()
#6 /home/hatsugoki/Projet SI/Regime/app/Controllers/RegimeFrontend.php(13): CodeIgniter\BaseModel->findAll()
#7 /home/hatsugoki/Projet SI/Regime/system/CodeIgniter.php(951): App\Controllers\RegimeFrontend->index()
#8 /home/hatsugoki/Projet SI/Regime/system/CodeIgniter.php(497): CodeIgniter\CodeIgniter->runController()
#9 /home/hatsugoki/Projet SI/Regime/system/CodeIgniter.php(340): CodeIgniter\CodeIgniter->handleRequest()
#10 /home/hatsugoki/Projet SI/Regime/system/Boot.php(417): CodeIgniter\CodeIgniter->run()
#11 /home/hatsugoki/Projet SI/Regime/system/Boot.php(68): CodeIgniter\Boot::runCodeIgniter()
#12 /home/hatsugoki/Projet SI/Regime/public/index.php(59): CodeIgniter\Boot::bootWeb()
#13 {main}

Next CodeIgniter\Database\Exceptions\DatabaseException: No such file or directory in /home/hatsugoki/Projet SI/Regime/system/Database/MySQLi/Connection.php:231
Stack trace:
#0 /home/hatsugoki/Projet SI/Regime/system/Database/BaseConnection.php(555): CodeIgniter\Database\MySQLi\Connection->connect()
#1 /home/hatsugoki/Projet SI/Regime/system/Database/BaseConnection.php(795): CodeIgniter\Database\BaseConnection->initialize()
#2 /home/hatsugoki/Projet SI/Regime/system/Database/BaseBuilder.php(1649): CodeIgniter\Database\BaseConnection->query()
#3 /home/hatsugoki/Projet SI/Regime/system/Model.php(253): CodeIgniter\Database\BaseBuilder->get()
#4 /home/hatsugoki/Projet SI/Regime/system/BaseModel.php(676): CodeIgniter\Model->doFindAll()
#5 /home/hatsugoki/Projet SI/Regime/app/Controllers/RegimeFrontend.php(13): CodeIgniter\BaseModel->findAll()
#6 /home/hatsugoki/Projet SI/Regime/system/CodeIgniter.php(951): App\Controllers\RegimeFrontend->index()
#7 /home/hatsugoki/Projet SI/Regime/system/CodeIgniter.php(497): CodeIgniter\CodeIgniter->runController()
#8 /home/hatsugoki/Projet SI/Regime/system/CodeIgniter.php(340): CodeIgniter\CodeIgniter->handleRequest()
#9 /home/hatsugoki/Projet SI/Regime/system/Boot.php(417): CodeIgniter\CodeIgniter->run()
#10 /home/hatsugoki/Projet SI/Regime/system/Boot.php(68): CodeIgniter\Boot::runCodeIgniter()
#11 /home/hatsugoki/Projet SI/Regime/public/index.php(59): CodeIgniter\Boot::bootWeb()
#12 {main}
CRITICAL - 2026-05-09 16:57:07 --> CodeIgniter\Database\Exceptions\DatabaseException: Unable to connect to the database.
Main connection [MySQLi]: No such file or directory
[Method: GET, Route: regimes]
in SYSTEMPATH/Database/BaseConnection.php on line 606.
 1 SYSTEMPATH/Database/BaseConnection.php(795): CodeIgniter\Database\BaseConnection->initialize()
 2 SYSTEMPATH/Database/BaseBuilder.php(1649): CodeIgniter\Database\BaseConnection->query()
 3 SYSTEMPATH/Model.php(253): CodeIgniter\Database\BaseBuilder->get()
 4 SYSTEMPATH/BaseModel.php(676): CodeIgniter\Model->doFindAll()
 5 APPPATH/Controllers/RegimeFrontend.php(13): CodeIgniter\BaseModel->findAll()
 6 SYSTEMPATH/CodeIgniter.php(951): App\Controllers\RegimeFrontend->index()
 7 SYSTEMPATH/CodeIgniter.php(497): CodeIgniter\CodeIgniter->runController()
 8 SYSTEMPATH/CodeIgniter.php(340): CodeIgniter\CodeIgniter->handleRequest()
 9 SYSTEMPATH/Boot.php(417): CodeIgniter\CodeIgniter->run()
10 SYSTEMPATH/Boot.php(68): CodeIgniter\Boot::runCodeIgniter()
11 FCPATH/index.php(59): CodeIgniter\Boot::bootWeb()
ERROR - 2026-05-09 16:57:20 --> Error connecting to the database: mysqli_sql_exception: No such file or directory in /home/hatsugoki/Projet SI/Regime/system/Database/MySQLi/Connection.php:201
Stack trace:
#0 /home/hatsugoki/Projet SI/Regime/system/Database/MySQLi/Connection.php(201): mysqli->real_connect()
#1 /home/hatsugoki/Projet SI/Regime/system/Database/BaseConnection.php(555): CodeIgniter\Database\MySQLi\Connection->connect()
#2 /home/hatsugoki/Projet SI/Regime/system/Database/BaseConnection.php(795): CodeIgniter\Database\BaseConnection->initialize()
#3 /home/hatsugoki/Projet SI/Regime/system/Database/BaseBuilder.php(1649): CodeIgniter\Database\BaseConnection->query()
#4 /home/hatsugoki/Projet SI/Regime/system/Model.php(295): CodeIgniter\Database\BaseBuilder->get()
#5 /home/hatsugoki/Projet SI/Regime/system/BaseModel.php(714): CodeIgniter\Model->doFirst()
#6 /home/hatsugoki/Projet SI/Regime/app/Controllers/AuthController.php(180): CodeIgniter\BaseModel->first()
#7 /home/hatsugoki/Projet SI/Regime/system/CodeIgniter.php(951): App\Controllers\AuthController->login()
#8 /home/hatsugoki/Projet SI/Regime/system/CodeIgniter.php(497): CodeIgniter\CodeIgniter->runController()
#9 /home/hatsugoki/Projet SI/Regime/system/CodeIgniter.php(340): CodeIgniter\CodeIgniter->handleRequest()
#10 /home/hatsugoki/Projet SI/Regime/system/Boot.php(417): CodeIgniter\CodeIgniter->run()
#11 /home/hatsugoki/Projet SI/Regime/system/Boot.php(68): CodeIgniter\Boot::runCodeIgniter()
#12 /home/hatsugoki/Projet SI/Regime/public/index.php(59): CodeIgniter\Boot::bootWeb()
#13 {main}

Next CodeIgniter\Database\Exceptions\DatabaseException: No such file or directory in /home/hatsugoki/Projet SI/Regime/system/Database/MySQLi/Connection.php:231
Stack trace:
#0 /home/hatsugoki/Projet SI/Regime/system/Database/BaseConnection.php(555): CodeIgniter\Database\MySQLi\Connection->connect()
#1 /home/hatsugoki/Projet SI/Regime/system/Database/BaseConnection.php(795): CodeIgniter\Database\BaseConnection->initialize()
#2 /home/hatsugoki/Projet SI/Regime/system/Database/BaseBuilder.php(1649): CodeIgniter\Database\BaseConnection->query()
#3 /home/hatsugoki/Projet SI/Regime/system/Model.php(295): CodeIgniter\Database\BaseBuilder->get()
#4 /home/hatsugoki/Projet SI/Regime/system/BaseModel.php(714): CodeIgniter\Model->doFirst()
#5 /home/hatsugoki/Projet SI/Regime/app/Controllers/AuthController.php(180): CodeIgniter\BaseModel->first()
#6 /home/hatsugoki/Projet SI/Regime/system/CodeIgniter.php(951): App\Controllers\AuthController->login()
#7 /home/hatsugoki/Projet SI/Regime/system/CodeIgniter.php(497): CodeIgniter\CodeIgniter->runController()
#8 /home/hatsugoki/Projet SI/Regime/system/CodeIgniter.php(340): CodeIgniter\CodeIgniter->handleRequest()
#9 /home/hatsugoki/Projet SI/Regime/system/Boot.php(417): CodeIgniter\CodeIgniter->run()
#10 /home/hatsugoki/Projet SI/Regime/system/Boot.php(68): CodeIgniter\Boot::runCodeIgniter()
#11 /home/hatsugoki/Projet SI/Regime/public/index.php(59): CodeIgniter\Boot::bootWeb()
#12 {main}
CRITICAL - 2026-05-09 16:57:20 --> CodeIgniter\Database\Exceptions\DatabaseException: Unable to connect to the database.
Main connection [MySQLi]: No such file or directory
[Method: POST, Route: login]
in SYSTEMPATH/Database/BaseConnection.php on line 606.
 1 SYSTEMPATH/Database/BaseConnection.php(795): CodeIgniter\Database\BaseConnection->initialize()
 2 SYSTEMPATH/Database/BaseBuilder.php(1649): CodeIgniter\Database\BaseConnection->query()
 3 SYSTEMPATH/Model.php(295): CodeIgniter\Database\BaseBuilder->get()
 4 SYSTEMPATH/BaseModel.php(714): CodeIgniter\Model->doFirst()
 5 APPPATH/Controllers/AuthController.php(180): CodeIgniter\BaseModel->first()
 6 SYSTEMPATH/CodeIgniter.php(951): App\Controllers\AuthController->login()
 7 SYSTEMPATH/CodeIgniter.php(497): CodeIgniter\CodeIgniter->runController()
 8 SYSTEMPATH/CodeIgniter.php(340): CodeIgniter\CodeIgniter->handleRequest()
 9 SYSTEMPATH/Boot.php(417): CodeIgniter\CodeIgniter->run()
10 SYSTEMPATH/Boot.php(68): CodeIgniter\Boot::runCodeIgniter()
11 FCPATH/index.php(59): CodeIgniter\Boot::bootWeb()
ERROR - 2026-05-09 16:57:21 --> Error connecting to the database: mysqli_sql_exception: No such file or directory in /home/hatsugoki/Projet SI/Regime/system/Database/MySQLi/Connection.php:201
Stack trace:
#0 /home/hatsugoki/Projet SI/Regime/system/Database/MySQLi/Connection.php(201): mysqli->real_connect()
#1 /home/hatsugoki/Projet SI/Regime/system/Database/BaseConnection.php(555): CodeIgniter\Database\MySQLi\Connection->connect()
#2 /home/hatsugoki/Projet SI/Regime/system/Database/BaseConnection.php(795): CodeIgniter\Database\BaseConnection->initialize()
#3 /home/hatsugoki/Projet SI/Regime/system/Database/BaseBuilder.php(1649): CodeIgniter\Database\BaseConnection->query()
#4 /home/hatsugoki/Projet SI/Regime/system/Model.php(295): CodeIgniter\Database\BaseBuilder->get()
#5 /home/hatsugoki/Projet SI/Regime/system/BaseModel.php(714): CodeIgniter\Model->doFirst()
#6 /home/hatsugoki/Projet SI/Regime/app/Controllers/AuthController.php(180): CodeIgniter\BaseModel->first()
#7 /home/hatsugoki/Projet SI/Regime/system/CodeIgniter.php(951): App\Controllers\AuthController->login()
#8 /home/hatsugoki/Projet SI/Regime/system/CodeIgniter.php(497): CodeIgniter\CodeIgniter->runController()
#9 /home/hatsugoki/Projet SI/Regime/system/CodeIgniter.php(340): CodeIgniter\CodeIgniter->handleRequest()
#10 /home/hatsugoki/Projet SI/Regime/system/Boot.php(417): CodeIgniter\CodeIgniter->run()
#11 /home/hatsugoki/Projet SI/Regime/system/Boot.php(68): CodeIgniter\Boot::runCodeIgniter()
#12 /home/hatsugoki/Projet SI/Regime/public/index.php(59): CodeIgniter\Boot::bootWeb()
#13 {main}

Next CodeIgniter\Database\Exceptions\DatabaseException: No such file or directory in /home/hatsugoki/Projet SI/Regime/system/Database/MySQLi/Connection.php:231
Stack trace:
#0 /home/hatsugoki/Projet SI/Regime/system/Database/BaseConnection.php(555): CodeIgniter\Database\MySQLi\Connection->connect()
#1 /home/hatsugoki/Projet SI/Regime/system/Database/BaseConnection.php(795): CodeIgniter\Database\BaseConnection->initialize()
#2 /home/hatsugoki/Projet SI/Regime/system/Database/BaseBuilder.php(1649): CodeIgniter\Database\BaseConnection->query()
#3 /home/hatsugoki/Projet SI/Regime/system/Model.php(295): CodeIgniter\Database\BaseBuilder->get()
#4 /home/hatsugoki/Projet SI/Regime/system/BaseModel.php(714): CodeIgniter\Model->doFirst()
#5 /home/hatsugoki/Projet SI/Regime/app/Controllers/AuthController.php(180): CodeIgniter\BaseModel->first()
#6 /home/hatsugoki/Projet SI/Regime/system/CodeIgniter.php(951): App\Controllers\AuthController->login()
#7 /home/hatsugoki/Projet SI/Regime/system/CodeIgniter.php(497): CodeIgniter\CodeIgniter->runController()
#8 /home/hatsugoki/Projet SI/Regime/system/CodeIgniter.php(340): CodeIgniter\CodeIgniter->handleRequest()
#9 /home/hatsugoki/Projet SI/Regime/system/Boot.php(417): CodeIgniter\CodeIgniter->run()
#10 /home/hatsugoki/Projet SI/Regime/system/Boot.php(68): CodeIgniter\Boot::runCodeIgniter()
#11 /home/hatsugoki/Projet SI/Regime/public/index.php(59): CodeIgniter\Boot::bootWeb()
#12 {main}
CRITICAL - 2026-05-09 16:57:21 --> CodeIgniter\Database\Exceptions\DatabaseException: Unable to connect to the database.
Main connection [MySQLi]: No such file or directory
[Method: POST, Route: login]
in SYSTEMPATH/Database/BaseConnection.php on line 606.
 1 SYSTEMPATH/Database/BaseConnection.php(795): CodeIgniter\Database\BaseConnection->initialize()
 2 SYSTEMPATH/Database/BaseBuilder.php(1649): CodeIgniter\Database\BaseConnection->query()
 3 SYSTEMPATH/Model.php(295): CodeIgniter\Database\BaseBuilder->get()
 4 SYSTEMPATH/BaseModel.php(714): CodeIgniter\Model->doFirst()
 5 APPPATH/Controllers/AuthController.php(180): CodeIgniter\BaseModel->first()
 6 SYSTEMPATH/CodeIgniter.php(951): App\Controllers\AuthController->login()
 7 SYSTEMPATH/CodeIgniter.php(497): CodeIgniter\CodeIgniter->runController()
 8 SYSTEMPATH/CodeIgniter.php(340): CodeIgniter\CodeIgniter->handleRequest()
 9 SYSTEMPATH/Boot.php(417): CodeIgniter\CodeIgniter->run()
10 SYSTEMPATH/Boot.php(68): CodeIgniter\Boot::runCodeIgniter()
11 FCPATH/index.php(59): CodeIgniter\Boot::bootWeb()
ERROR - 2026-05-09 16:57:22 --> Error connecting to the database: mysqli_sql_exception: No such file or directory in /home/hatsugoki/Projet SI/Regime/system/Database/MySQLi/Connection.php:201
Stack trace:
#0 /home/hatsugoki/Projet SI/Regime/system/Database/MySQLi/Connection.php(201): mysqli->real_connect()
#1 /home/hatsugoki/Projet SI/Regime/system/Database/BaseConnection.php(555): CodeIgniter\Database\MySQLi\Connection->connect()
#2 /home/hatsugoki/Projet SI/Regime/system/Database/BaseConnection.php(795): CodeIgniter\Database\BaseConnection->initialize()
#3 /home/hatsugoki/Projet SI/Regime/system/Database/BaseBuilder.php(1649): CodeIgniter\Database\BaseConnection->query()
#4 /home/hatsugoki/Projet SI/Regime/system/Model.php(295): CodeIgniter\Database\BaseBuilder->get()
#5 /home/hatsugoki/Projet SI/Regime/system/BaseModel.php(714): CodeIgniter\Model->doFirst()
#6 /home/hatsugoki/Projet SI/Regime/app/Controllers/AuthController.php(180): CodeIgniter\BaseModel->first()
#7 /home/hatsugoki/Projet SI/Regime/system/CodeIgniter.php(951): App\Controllers\AuthController->login()
#8 /home/hatsugoki/Projet SI/Regime/system/CodeIgniter.php(497): CodeIgniter\CodeIgniter->runController()
#9 /home/hatsugoki/Projet SI/Regime/system/CodeIgniter.php(340): CodeIgniter\CodeIgniter->handleRequest()
#10 /home/hatsugoki/Projet SI/Regime/system/Boot.php(417): CodeIgniter\CodeIgniter->run()
#11 /home/hatsugoki/Projet SI/Regime/system/Boot.php(68): CodeIgniter\Boot::runCodeIgniter()
#12 /home/hatsugoki/Projet SI/Regime/public/index.php(59): CodeIgniter\Boot::bootWeb()
#13 {main}

Next CodeIgniter\Database\Exceptions\DatabaseException: No such file or directory in /home/hatsugoki/Projet SI/Regime/system/Database/MySQLi/Connection.php:231
Stack trace:
#0 /home/hatsugoki/Projet SI/Regime/system/Database/BaseConnection.php(555): CodeIgniter\Database\MySQLi\Connection->connect()
#1 /home/hatsugoki/Projet SI/Regime/system/Database/BaseConnection.php(795): CodeIgniter\Database\BaseConnection->initialize()
#2 /home/hatsugoki/Projet SI/Regime/system/Database/BaseBuilder.php(1649): CodeIgniter\Database\BaseConnection->query()
#3 /home/hatsugoki/Projet SI/Regime/system/Model.php(295): CodeIgniter\Database\BaseBuilder->get()
#4 /home/hatsugoki/Projet SI/Regime/system/BaseModel.php(714): CodeIgniter\Model->doFirst()
#5 /home/hatsugoki/Projet SI/Regime/app/Controllers/AuthController.php(180): CodeIgniter\BaseModel->first()
#6 /home/hatsugoki/Projet SI/Regime/system/CodeIgniter.php(951): App\Controllers\AuthController->login()
#7 /home/hatsugoki/Projet SI/Regime/system/CodeIgniter.php(497): CodeIgniter\CodeIgniter->runController()
#8 /home/hatsugoki/Projet SI/Regime/system/CodeIgniter.php(340): CodeIgniter\CodeIgniter->handleRequest()
#9 /home/hatsugoki/Projet SI/Regime/system/Boot.php(417): CodeIgniter\CodeIgniter->run()
#10 /home/hatsugoki/Projet SI/Regime/system/Boot.php(68): CodeIgniter\Boot::runCodeIgniter()
#11 /home/hatsugoki/Projet SI/Regime/public/index.php(59): CodeIgniter\Boot::bootWeb()
#12 {main}
CRITICAL - 2026-05-09 16:57:22 --> CodeIgniter\Database\Exceptions\DatabaseException: Unable to connect to the database.
Main connection [MySQLi]: No such file or directory
[Method: POST, Route: login]
in SYSTEMPATH/Database/BaseConnection.php on line 606.
 1 SYSTEMPATH/Database/BaseConnection.php(795): CodeIgniter\Database\BaseConnection->initialize()
 2 SYSTEMPATH/Database/BaseBuilder.php(1649): CodeIgniter\Database\BaseConnection->query()
 3 SYSTEMPATH/Model.php(295): CodeIgniter\Database\BaseBuilder->get()
 4 SYSTEMPATH/BaseModel.php(714): CodeIgniter\Model->doFirst()
 5 APPPATH/Controllers/AuthController.php(180): CodeIgniter\BaseModel->first()
 6 SYSTEMPATH/CodeIgniter.php(951): App\Controllers\AuthController->login()
 7 SYSTEMPATH/CodeIgniter.php(497): CodeIgniter\CodeIgniter->runController()
 8 SYSTEMPATH/CodeIgniter.php(340): CodeIgniter\CodeIgniter->handleRequest()
 9 SYSTEMPATH/Boot.php(417): CodeIgniter\CodeIgniter->run()
10 SYSTEMPATH/Boot.php(68): CodeIgniter\Boot::runCodeIgniter()
11 FCPATH/index.php(59): CodeIgniter\Boot::bootWeb()
ERROR - 2026-05-09 16:57:22 --> Error connecting to the database: mysqli_sql_exception: No such file or directory in /home/hatsugoki/Projet SI/Regime/system/Database/MySQLi/Connection.php:201
Stack trace:
#0 /home/hatsugoki/Projet SI/Regime/system/Database/MySQLi/Connection.php(201): mysqli->real_connect()
#1 /home/hatsugoki/Projet SI/Regime/system/Database/BaseConnection.php(555): CodeIgniter\Database\MySQLi\Connection->connect()
#2 /home/hatsugoki/Projet SI/Regime/system/Database/BaseConnection.php(795): CodeIgniter\Database\BaseConnection->initialize()
#3 /home/hatsugoki/Projet SI/Regime/system/Database/BaseBuilder.php(1649): CodeIgniter\Database\BaseConnection->query()
#4 /home/hatsugoki/Projet SI/Regime/system/Model.php(295): CodeIgniter\Database\BaseBuilder->get()
#5 /home/hatsugoki/Projet SI/Regime/system/BaseModel.php(714): CodeIgniter\Model->doFirst()
#6 /home/hatsugoki/Projet SI/Regime/app/Controllers/AuthController.php(180): CodeIgniter\BaseModel->first()
#7 /home/hatsugoki/Projet SI/Regime/system/CodeIgniter.php(951): App\Controllers\AuthController->login()
#8 /home/hatsugoki/Projet SI/Regime/system/CodeIgniter.php(497): CodeIgniter\CodeIgniter->runController()
#9 /home/hatsugoki/Projet SI/Regime/system/CodeIgniter.php(340): CodeIgniter\CodeIgniter->handleRequest()
#10 /home/hatsugoki/Projet SI/Regime/system/Boot.php(417): CodeIgniter\CodeIgniter->run()
#11 /home/hatsugoki/Projet SI/Regime/system/Boot.php(68): CodeIgniter\Boot::runCodeIgniter()
#12 /home/hatsugoki/Projet SI/Regime/public/index.php(59): CodeIgniter\Boot::bootWeb()
#13 {main}

Next CodeIgniter\Database\Exceptions\DatabaseException: No such file or directory in /home/hatsugoki/Projet SI/Regime/system/Database/MySQLi/Connection.php:231
Stack trace:
#0 /home/hatsugoki/Projet SI/Regime/system/Database/BaseConnection.php(555): CodeIgniter\Database\MySQLi\Connection->connect()
#1 /home/hatsugoki/Projet SI/Regime/system/Database/BaseConnection.php(795): CodeIgniter\Database\BaseConnection->initialize()
#2 /home/hatsugoki/Projet SI/Regime/system/Database/BaseBuilder.php(1649): CodeIgniter\Database\BaseConnection->query()
#3 /home/hatsugoki/Projet SI/Regime/system/Model.php(295): CodeIgniter\Database\BaseBuilder->get()
#4 /home/hatsugoki/Projet SI/Regime/system/BaseModel.php(714): CodeIgniter\Model->doFirst()
#5 /home/hatsugoki/Projet SI/Regime/app/Controllers/AuthController.php(180): CodeIgniter\BaseModel->first()
#6 /home/hatsugoki/Projet SI/Regime/system/CodeIgniter.php(951): App\Controllers\AuthController->login()
#7 /home/hatsugoki/Projet SI/Regime/system/CodeIgniter.php(497): CodeIgniter\CodeIgniter->runController()
#8 /home/hatsugoki/Projet SI/Regime/system/CodeIgniter.php(340): CodeIgniter\CodeIgniter->handleRequest()
#9 /home/hatsugoki/Projet SI/Regime/system/Boot.php(417): CodeIgniter\CodeIgniter->run()
#10 /home/hatsugoki/Projet SI/Regime/system/Boot.php(68): CodeIgniter\Boot::runCodeIgniter()
#11 /home/hatsugoki/Projet SI/Regime/public/index.php(59): CodeIgniter\Boot::bootWeb()
#12 {main}
CRITICAL - 2026-05-09 16:57:22 --> CodeIgniter\Database\Exceptions\DatabaseException: Unable to connect to the database.
Main connection [MySQLi]: No such file or directory
[Method: POST, Route: login]
in SYSTEMPATH/Database/BaseConnection.php on line 606.
 1 SYSTEMPATH/Database/BaseConnection.php(795): CodeIgniter\Database\BaseConnection->initialize()
 2 SYSTEMPATH/Database/BaseBuilder.php(1649): CodeIgniter\Database\BaseConnection->query()
 3 SYSTEMPATH/Model.php(295): CodeIgniter\Database\BaseBuilder->get()
 4 SYSTEMPATH/BaseModel.php(714): CodeIgniter\Model->doFirst()
 5 APPPATH/Controllers/AuthController.php(180): CodeIgniter\BaseModel->first()
 6 SYSTEMPATH/CodeIgniter.php(951): App\Controllers\AuthController->login()
 7 SYSTEMPATH/CodeIgniter.php(497): CodeIgniter\CodeIgniter->runController()
 8 SYSTEMPATH/CodeIgniter.php(340): CodeIgniter\CodeIgniter->handleRequest()
 9 SYSTEMPATH/Boot.php(417): CodeIgniter\CodeIgniter->run()
10 SYSTEMPATH/Boot.php(68): CodeIgniter\Boot::runCodeIgniter()
11 FCPATH/index.php(59): CodeIgniter\Boot::bootWeb()
CRITICAL - 2026-05-09 17:02:57 --> ParseError: syntax error, unexpected token "public"
[Method: GET, Route: inscription]
in APPPATH/Controllers/AuthController.php on line 466.
 1 SYSTEMPATH/Autoloader/Autoloader.php(295): CodeIgniter\Autoloader\Autoloader->includeFile()
 2 SYSTEMPATH/Autoloader/Autoloader.php(271): CodeIgniter\Autoloader\Autoloader->loadInNamespace()
 3 [internal function]: CodeIgniter\Autoloader\Autoloader->loadClass()
 4 SYSTEMPATH/Router/Router.php(792): class_exists()
 5 SYSTEMPATH/Router/Router.php(230): CodeIgniter\Router\Router->processRouteAttributes()
 6 SYSTEMPATH/CodeIgniter.php(829): CodeIgniter\Router\Router->handle()
 7 SYSTEMPATH/CodeIgniter.php(441): CodeIgniter\CodeIgniter->tryToRouteIt()
 8 SYSTEMPATH/CodeIgniter.php(340): CodeIgniter\CodeIgniter->handleRequest()
 9 SYSTEMPATH/Boot.php(417): CodeIgniter\CodeIgniter->run()
10 SYSTEMPATH/Boot.php(68): CodeIgniter\Boot::runCodeIgniter()
11 FCPATH/index.php(59): CodeIgniter\Boot::bootWeb()
CRITICAL - 2026-05-09 17:02:59 --> ParseError: syntax error, unexpected token "public"
[Method: GET, Route: login]
in APPPATH/Controllers/AuthController.php on line 466.
 1 SYSTEMPATH/Autoloader/Autoloader.php(295): CodeIgniter\Autoloader\Autoloader->includeFile()
 2 SYSTEMPATH/Autoloader/Autoloader.php(271): CodeIgniter\Autoloader\Autoloader->loadInNamespace()
 3 [internal function]: CodeIgniter\Autoloader\Autoloader->loadClass()
 4 SYSTEMPATH/Router/Router.php(792): class_exists()
 5 SYSTEMPATH/Router/Router.php(230): CodeIgniter\Router\Router->processRouteAttributes()
 6 SYSTEMPATH/CodeIgniter.php(829): CodeIgniter\Router\Router->handle()
 7 SYSTEMPATH/CodeIgniter.php(441): CodeIgniter\CodeIgniter->tryToRouteIt()
 8 SYSTEMPATH/CodeIgniter.php(340): CodeIgniter\CodeIgniter->handleRequest()
 9 SYSTEMPATH/Boot.php(417): CodeIgniter\CodeIgniter->run()
10 SYSTEMPATH/Boot.php(68): CodeIgniter\Boot::runCodeIgniter()
11 FCPATH/index.php(59): CodeIgniter\Boot::bootWeb()
ERROR - 2026-05-09 17:03:16 --> Error connecting to the database: mysqli_sql_exception: No such file or directory in /home/hatsugoki/Projet SI/Regime/system/Database/MySQLi/Connection.php:201
Stack trace:
#0 /home/hatsugoki/Projet SI/Regime/system/Database/MySQLi/Connection.php(201): mysqli->real_connect()
#1 /home/hatsugoki/Projet SI/Regime/system/Database/BaseConnection.php(555): CodeIgniter\Database\MySQLi\Connection->connect()
#2 /home/hatsugoki/Projet SI/Regime/system/Database/BaseConnection.php(795): CodeIgniter\Database\BaseConnection->initialize()
#3 /home/hatsugoki/Projet SI/Regime/system/Database/BaseBuilder.php(1649): CodeIgniter\Database\BaseConnection->query()
#4 /home/hatsugoki/Projet SI/Regime/system/Model.php(295): CodeIgniter\Database\BaseBuilder->get()
#5 /home/hatsugoki/Projet SI/Regime/system/BaseModel.php(714): CodeIgniter\Model->doFirst()
#6 /home/hatsugoki/Projet SI/Regime/app/Controllers/AuthController.php(180): CodeIgniter\BaseModel->first()
#7 /home/hatsugoki/Projet SI/Regime/system/CodeIgniter.php(951): App\Controllers\AuthController->login()
#8 /home/hatsugoki/Projet SI/Regime/system/CodeIgniter.php(497): CodeIgniter\CodeIgniter->runController()
#9 /home/hatsugoki/Projet SI/Regime/system/CodeIgniter.php(340): CodeIgniter\CodeIgniter->handleRequest()
#10 /home/hatsugoki/Projet SI/Regime/system/Boot.php(417): CodeIgniter\CodeIgniter->run()
#11 /home/hatsugoki/Projet SI/Regime/system/Boot.php(68): CodeIgniter\Boot::runCodeIgniter()
#12 /home/hatsugoki/Projet SI/Regime/public/index.php(59): CodeIgniter\Boot::bootWeb()
#13 {main}

Next CodeIgniter\Database\Exceptions\DatabaseException: No such file or directory in /home/hatsugoki/Projet SI/Regime/system/Database/MySQLi/Connection.php:231
Stack trace:
#0 /home/hatsugoki/Projet SI/Regime/system/Database/BaseConnection.php(555): CodeIgniter\Database\MySQLi\Connection->connect()
#1 /home/hatsugoki/Projet SI/Regime/system/Database/BaseConnection.php(795): CodeIgniter\Database\BaseConnection->initialize()
#2 /home/hatsugoki/Projet SI/Regime/system/Database/BaseBuilder.php(1649): CodeIgniter\Database\BaseConnection->query()
#3 /home/hatsugoki/Projet SI/Regime/system/Model.php(295): CodeIgniter\Database\BaseBuilder->get()
#4 /home/hatsugoki/Projet SI/Regime/system/BaseModel.php(714): CodeIgniter\Model->doFirst()
#5 /home/hatsugoki/Projet SI/Regime/app/Controllers/AuthController.php(180): CodeIgniter\BaseModel->first()
#6 /home/hatsugoki/Projet SI/Regime/system/CodeIgniter.php(951): App\Controllers\AuthController->login()
#7 /home/hatsugoki/Projet SI/Regime/system/CodeIgniter.php(497): CodeIgniter\CodeIgniter->runController()
#8 /home/hatsugoki/Projet SI/Regime/system/CodeIgniter.php(340): CodeIgniter\CodeIgniter->handleRequest()
#9 /home/hatsugoki/Projet SI/Regime/system/Boot.php(417): CodeIgniter\CodeIgniter->run()
#10 /home/hatsugoki/Projet SI/Regime/system/Boot.php(68): CodeIgniter\Boot::runCodeIgniter()
#11 /home/hatsugoki/Projet SI/Regime/public/index.php(59): CodeIgniter\Boot::bootWeb()
#12 {main}
CRITICAL - 2026-05-09 17:03:16 --> CodeIgniter\Database\Exceptions\DatabaseException: Unable to connect to the database.
Main connection [MySQLi]: No such file or directory
[Method: POST, Route: login]
in SYSTEMPATH/Database/BaseConnection.php on line 606.
 1 SYSTEMPATH/Database/BaseConnection.php(795): CodeIgniter\Database\BaseConnection->initialize()
 2 SYSTEMPATH/Database/BaseBuilder.php(1649): CodeIgniter\Database\BaseConnection->query()
 3 SYSTEMPATH/Model.php(295): CodeIgniter\Database\BaseBuilder->get()
 4 SYSTEMPATH/BaseModel.php(714): CodeIgniter\Model->doFirst()
 5 APPPATH/Controllers/AuthController.php(180): CodeIgniter\BaseModel->first()
 6 SYSTEMPATH/CodeIgniter.php(951): App\Controllers\AuthController->login()
 7 SYSTEMPATH/CodeIgniter.php(497): CodeIgniter\CodeIgniter->runController()
 8 SYSTEMPATH/CodeIgniter.php(340): CodeIgniter\CodeIgniter->handleRequest()
 9 SYSTEMPATH/Boot.php(417): CodeIgniter\CodeIgniter->run()
10 SYSTEMPATH/Boot.php(68): CodeIgniter\Boot::runCodeIgniter()
11 FCPATH/index.php(59): CodeIgniter\Boot::bootWeb()
ERROR - 2026-05-09 17:05:36 --> Error connecting to the database: mysqli_sql_exception: No such file or directory in /home/hatsugoki/Projet SI/Regime/system/Database/MySQLi/Connection.php:201
Stack trace:
#0 /home/hatsugoki/Projet SI/Regime/system/Database/MySQLi/Connection.php(201): mysqli->real_connect()
#1 /home/hatsugoki/Projet SI/Regime/system/Database/BaseConnection.php(555): CodeIgniter\Database\MySQLi\Connection->connect()
#2 /home/hatsugoki/Projet SI/Regime/system/Database/BaseConnection.php(795): CodeIgniter\Database\BaseConnection->initialize()
#3 /home/hatsugoki/Projet SI/Regime/system/Database/BaseBuilder.php(1649): CodeIgniter\Database\BaseConnection->query()
#4 /home/hatsugoki/Projet SI/Regime/system/Model.php(295): CodeIgniter\Database\BaseBuilder->get()
#5 /home/hatsugoki/Projet SI/Regime/system/BaseModel.php(714): CodeIgniter\Model->doFirst()
#6 /home/hatsugoki/Projet SI/Regime/app/Controllers/AuthController.php(180): CodeIgniter\BaseModel->first()
#7 /home/hatsugoki/Projet SI/Regime/system/CodeIgniter.php(951): App\Controllers\AuthController->login()
#8 /home/hatsugoki/Projet SI/Regime/system/CodeIgniter.php(497): CodeIgniter\CodeIgniter->runController()
#9 /home/hatsugoki/Projet SI/Regime/system/CodeIgniter.php(340): CodeIgniter\CodeIgniter->handleRequest()
#10 /home/hatsugoki/Projet SI/Regime/system/Boot.php(417): CodeIgniter\CodeIgniter->run()
#11 /home/hatsugoki/Projet SI/Regime/system/Boot.php(68): CodeIgniter\Boot::runCodeIgniter()
#12 /home/hatsugoki/Projet SI/Regime/public/index.php(59): CodeIgniter\Boot::bootWeb()
#13 {main}

Next CodeIgniter\Database\Exceptions\DatabaseException: No such file or directory in /home/hatsugoki/Projet SI/Regime/system/Database/MySQLi/Connection.php:231
Stack trace:
#0 /home/hatsugoki/Projet SI/Regime/system/Database/BaseConnection.php(555): CodeIgniter\Database\MySQLi\Connection->connect()
#1 /home/hatsugoki/Projet SI/Regime/system/Database/BaseConnection.php(795): CodeIgniter\Database\BaseConnection->initialize()
#2 /home/hatsugoki/Projet SI/Regime/system/Database/BaseBuilder.php(1649): CodeIgniter\Database\BaseConnection->query()
#3 /home/hatsugoki/Projet SI/Regime/system/Model.php(295): CodeIgniter\Database\BaseBuilder->get()
#4 /home/hatsugoki/Projet SI/Regime/system/BaseModel.php(714): CodeIgniter\Model->doFirst()
#5 /home/hatsugoki/Projet SI/Regime/app/Controllers/AuthController.php(180): CodeIgniter\BaseModel->first()
#6 /home/hatsugoki/Projet SI/Regime/system/CodeIgniter.php(951): App\Controllers\AuthController->login()
#7 /home/hatsugoki/Projet SI/Regime/system/CodeIgniter.php(497): CodeIgniter\CodeIgniter->runController()
#8 /home/hatsugoki/Projet SI/Regime/system/CodeIgniter.php(340): CodeIgniter\CodeIgniter->handleRequest()
#9 /home/hatsugoki/Projet SI/Regime/system/Boot.php(417): CodeIgniter\CodeIgniter->run()
#10 /home/hatsugoki/Projet SI/Regime/system/Boot.php(68): CodeIgniter\Boot::runCodeIgniter()
#11 /home/hatsugoki/Projet SI/Regime/public/index.php(59): CodeIgniter\Boot::bootWeb()
#12 {main}
CRITICAL - 2026-05-09 17:05:36 --> CodeIgniter\Database\Exceptions\DatabaseException: Unable to connect to the database.
Main connection [MySQLi]: No such file or directory
[Method: POST, Route: login]
in SYSTEMPATH/Database/BaseConnection.php on line 606.
 1 SYSTEMPATH/Database/BaseConnection.php(795): CodeIgniter\Database\BaseConnection->initialize()
 2 SYSTEMPATH/Database/BaseBuilder.php(1649): CodeIgniter\Database\BaseConnection->query()
 3 SYSTEMPATH/Model.php(295): CodeIgniter\Database\BaseBuilder->get()
 4 SYSTEMPATH/BaseModel.php(714): CodeIgniter\Model->doFirst()
 5 APPPATH/Controllers/AuthController.php(180): CodeIgniter\BaseModel->first()
 6 SYSTEMPATH/CodeIgniter.php(951): App\Controllers\AuthController->login()
 7 SYSTEMPATH/CodeIgniter.php(497): CodeIgniter\CodeIgniter->runController()
 8 SYSTEMPATH/CodeIgniter.php(340): CodeIgniter\CodeIgniter->handleRequest()
 9 SYSTEMPATH/Boot.php(417): CodeIgniter\CodeIgniter->run()
10 SYSTEMPATH/Boot.php(68): CodeIgniter\Boot::runCodeIgniter()
11 FCPATH/index.php(59): CodeIgniter\Boot::bootWeb()
ERROR - 2026-05-09 17:05:37 --> Error connecting to the database: mysqli_sql_exception: No such file or directory in /home/hatsugoki/Projet SI/Regime/system/Database/MySQLi/Connection.php:201
Stack trace:
#0 /home/hatsugoki/Projet SI/Regime/system/Database/MySQLi/Connection.php(201): mysqli->real_connect()
#1 /home/hatsugoki/Projet SI/Regime/system/Database/BaseConnection.php(555): CodeIgniter\Database\MySQLi\Connection->connect()
#2 /home/hatsugoki/Projet SI/Regime/system/Database/BaseConnection.php(795): CodeIgniter\Database\BaseConnection->initialize()
#3 /home/hatsugoki/Projet SI/Regime/system/Database/BaseBuilder.php(1649): CodeIgniter\Database\BaseConnection->query()
#4 /home/hatsugoki/Projet SI/Regime/system/Model.php(253): CodeIgniter\Database\BaseBuilder->get()
#5 /home/hatsugoki/Projet SI/Regime/system/BaseModel.php(676): CodeIgniter\Model->doFindAll()
#6 /home/hatsugoki/Projet SI/Regime/app/Controllers/AuthController.php(44): CodeIgniter\BaseModel->findAll()
#7 /home/hatsugoki/Projet SI/Regime/app/Controllers/AuthController.php(237): App\Controllers\AuthController->getGenres()
#8 /home/hatsugoki/Projet SI/Regime/system/CodeIgniter.php(951): App\Controllers\AuthController->registerForm()
#9 /home/hatsugoki/Projet SI/Regime/system/CodeIgniter.php(497): CodeIgniter\CodeIgniter->runController()
#10 /home/hatsugoki/Projet SI/Regime/system/CodeIgniter.php(340): CodeIgniter\CodeIgniter->handleRequest()
#11 /home/hatsugoki/Projet SI/Regime/system/Boot.php(417): CodeIgniter\CodeIgniter->run()
#12 /home/hatsugoki/Projet SI/Regime/system/Boot.php(68): CodeIgniter\Boot::runCodeIgniter()
#13 /home/hatsugoki/Projet SI/Regime/public/index.php(59): CodeIgniter\Boot::bootWeb()
#14 {main}

Next CodeIgniter\Database\Exceptions\DatabaseException: No such file or directory in /home/hatsugoki/Projet SI/Regime/system/Database/MySQLi/Connection.php:231
Stack trace:
#0 /home/hatsugoki/Projet SI/Regime/system/Database/BaseConnection.php(555): CodeIgniter\Database\MySQLi\Connection->connect()
#1 /home/hatsugoki/Projet SI/Regime/system/Database/BaseConnection.php(795): CodeIgniter\Database\BaseConnection->initialize()
#2 /home/hatsugoki/Projet SI/Regime/system/Database/BaseBuilder.php(1649): CodeIgniter\Database\BaseConnection->query()
#3 /home/hatsugoki/Projet SI/Regime/system/Model.php(253): CodeIgniter\Database\BaseBuilder->get()
#4 /home/hatsugoki/Projet SI/Regime/system/BaseModel.php(676): CodeIgniter\Model->doFindAll()
#5 /home/hatsugoki/Projet SI/Regime/app/Controllers/AuthController.php(44): CodeIgniter\BaseModel->findAll()
#6 /home/hatsugoki/Projet SI/Regime/app/Controllers/AuthController.php(237): App\Controllers\AuthController->getGenres()
#7 /home/hatsugoki/Projet SI/Regime/system/CodeIgniter.php(951): App\Controllers\AuthController->registerForm()
#8 /home/hatsugoki/Projet SI/Regime/system/CodeIgniter.php(497): CodeIgniter\CodeIgniter->runController()
#9 /home/hatsugoki/Projet SI/Regime/system/CodeIgniter.php(340): CodeIgniter\CodeIgniter->handleRequest()
#10 /home/hatsugoki/Projet SI/Regime/system/Boot.php(417): CodeIgniter\CodeIgniter->run()
#11 /home/hatsugoki/Projet SI/Regime/system/Boot.php(68): CodeIgniter\Boot::runCodeIgniter()
#12 /home/hatsugoki/Projet SI/Regime/public/index.php(59): CodeIgniter\Boot::bootWeb()
#13 {main}
ERROR - 2026-05-09 17:05:51 --> Error connecting to the database: mysqli_sql_exception: No such file or directory in /home/hatsugoki/Projet SI/Regime/system/Database/MySQLi/Connection.php:201
Stack trace:
#0 /home/hatsugoki/Projet SI/Regime/system/Database/MySQLi/Connection.php(201): mysqli->real_connect()
#1 /home/hatsugoki/Projet SI/Regime/system/Database/BaseConnection.php(555): CodeIgniter\Database\MySQLi\Connection->connect()
#2 /home/hatsugoki/Projet SI/Regime/system/Database/BaseConnection.php(795): CodeIgniter\Database\BaseConnection->initialize()
#3 /home/hatsugoki/Projet SI/Regime/system/Database/BaseBuilder.php(1649): CodeIgniter\Database\BaseConnection->query()
#4 /home/hatsugoki/Projet SI/Regime/system/Validation/Rules.php(175): CodeIgniter\Database\BaseBuilder->get()
#5 /home/hatsugoki/Projet SI/Regime/system/Validation/StrictRules/Rules.php(187): CodeIgniter\Validation\Rules->is_unique()
#6 /home/hatsugoki/Projet SI/Regime/system/Validation/Validation.php(345): CodeIgniter\Validation\StrictRules\Rules->is_unique()
#7 /home/hatsugoki/Projet SI/Regime/system/Validation/Validation.php(210): CodeIgniter\Validation\Validation->processRules()
#8 /home/hatsugoki/Projet SI/Regime/system/Controller.php(136): CodeIgniter\Validation\Validation->run()
#9 /home/hatsugoki/Projet SI/Regime/app/Controllers/AuthController.php(268): CodeIgniter\Controller->validate()
#10 /home/hatsugoki/Projet SI/Regime/system/CodeIgniter.php(951): App\Controllers\AuthController->register()
#11 /home/hatsugoki/Projet SI/Regime/system/CodeIgniter.php(497): CodeIgniter\CodeIgniter->runController()
#12 /home/hatsugoki/Projet SI/Regime/system/CodeIgniter.php(340): CodeIgniter\CodeIgniter->handleRequest()
#13 /home/hatsugoki/Projet SI/Regime/system/Boot.php(417): CodeIgniter\CodeIgniter->run()
#14 /home/hatsugoki/Projet SI/Regime/system/Boot.php(68): CodeIgniter\Boot::runCodeIgniter()
#15 /home/hatsugoki/Projet SI/Regime/public/index.php(59): CodeIgniter\Boot::bootWeb()
#16 {main}

Next CodeIgniter\Database\Exceptions\DatabaseException: No such file or directory in /home/hatsugoki/Projet SI/Regime/system/Database/MySQLi/Connection.php:231
Stack trace:
#0 /home/hatsugoki/Projet SI/Regime/system/Database/BaseConnection.php(555): CodeIgniter\Database\MySQLi\Connection->connect()
#1 /home/hatsugoki/Projet SI/Regime/system/Database/BaseConnection.php(795): CodeIgniter\Database\BaseConnection->initialize()
#2 /home/hatsugoki/Projet SI/Regime/system/Database/BaseBuilder.php(1649): CodeIgniter\Database\BaseConnection->query()
#3 /home/hatsugoki/Projet SI/Regime/system/Validation/Rules.php(175): CodeIgniter\Database\BaseBuilder->get()
#4 /home/hatsugoki/Projet SI/Regime/system/Validation/StrictRules/Rules.php(187): CodeIgniter\Validation\Rules->is_unique()
#5 /home/hatsugoki/Projet SI/Regime/system/Validation/Validation.php(345): CodeIgniter\Validation\StrictRules\Rules->is_unique()
#6 /home/hatsugoki/Projet SI/Regime/system/Validation/Validation.php(210): CodeIgniter\Validation\Validation->processRules()
#7 /home/hatsugoki/Projet SI/Regime/system/Controller.php(136): CodeIgniter\Validation\Validation->run()
#8 /home/hatsugoki/Projet SI/Regime/app/Controllers/AuthController.php(268): CodeIgniter\Controller->validate()
#9 /home/hatsugoki/Projet SI/Regime/system/CodeIgniter.php(951): App\Controllers\AuthController->register()
#10 /home/hatsugoki/Projet SI/Regime/system/CodeIgniter.php(497): CodeIgniter\CodeIgniter->runController()
#11 /home/hatsugoki/Projet SI/Regime/system/CodeIgniter.php(340): CodeIgniter\CodeIgniter->handleRequest()
#12 /home/hatsugoki/Projet SI/Regime/system/Boot.php(417): CodeIgniter\CodeIgniter->run()
#13 /home/hatsugoki/Projet SI/Regime/system/Boot.php(68): CodeIgniter\Boot::runCodeIgniter()
#14 /home/hatsugoki/Projet SI/Regime/public/index.php(59): CodeIgniter\Boot::bootWeb()
#15 {main}
CRITICAL - 2026-05-09 17:05:51 --> CodeIgniter\Database\Exceptions\DatabaseException: Unable to connect to the database.
Main connection [MySQLi]: No such file or directory
[Method: POST, Route: inscription]
in SYSTEMPATH/Database/BaseConnection.php on line 606.
 1 SYSTEMPATH/Database/BaseConnection.php(795): CodeIgniter\Database\BaseConnection->initialize()
 2 SYSTEMPATH/Database/BaseBuilder.php(1649): CodeIgniter\Database\BaseConnection->query()
 3 SYSTEMPATH/Validation/Rules.php(175): CodeIgniter\Database\BaseBuilder->get()
 4 SYSTEMPATH/Validation/StrictRules/Rules.php(187): CodeIgniter\Validation\Rules->is_unique()
 5 SYSTEMPATH/Validation/Validation.php(345): CodeIgniter\Validation\StrictRules\Rules->is_unique()
 6 SYSTEMPATH/Validation/Validation.php(210): CodeIgniter\Validation\Validation->processRules()
 7 SYSTEMPATH/Controller.php(136): CodeIgniter\Validation\Validation->run()
 8 APPPATH/Controllers/AuthController.php(268): CodeIgniter\Controller->validate()
 9 SYSTEMPATH/CodeIgniter.php(951): App\Controllers\AuthController->register()
10 SYSTEMPATH/CodeIgniter.php(497): CodeIgniter\CodeIgniter->runController()
11 SYSTEMPATH/CodeIgniter.php(340): CodeIgniter\CodeIgniter->handleRequest()
12 SYSTEMPATH/Boot.php(417): CodeIgniter\CodeIgniter->run()
13 SYSTEMPATH/Boot.php(68): CodeIgniter\Boot::runCodeIgniter()
14 FCPATH/index.php(59): CodeIgniter\Boot::bootWeb()
ERROR - 2026-05-09 17:05:52 --> Error connecting to the database: mysqli_sql_exception: No such file or directory in /home/hatsugoki/Projet SI/Regime/system/Database/MySQLi/Connection.php:201
Stack trace:
#0 /home/hatsugoki/Projet SI/Regime/system/Database/MySQLi/Connection.php(201): mysqli->real_connect()
#1 /home/hatsugoki/Projet SI/Regime/system/Database/BaseConnection.php(555): CodeIgniter\Database\MySQLi\Connection->connect()
#2 /home/hatsugoki/Projet SI/Regime/system/Database/BaseConnection.php(795): CodeIgniter\Database\BaseConnection->initialize()
#3 /home/hatsugoki/Projet SI/Regime/system/Database/BaseBuilder.php(1649): CodeIgniter\Database\BaseConnection->query()
#4 /home/hatsugoki/Projet SI/Regime/system/Validation/Rules.php(175): CodeIgniter\Database\BaseBuilder->get()
#5 /home/hatsugoki/Projet SI/Regime/system/Validation/StrictRules/Rules.php(187): CodeIgniter\Validation\Rules->is_unique()
#6 /home/hatsugoki/Projet SI/Regime/system/Validation/Validation.php(345): CodeIgniter\Validation\StrictRules\Rules->is_unique()
#7 /home/hatsugoki/Projet SI/Regime/system/Validation/Validation.php(210): CodeIgniter\Validation\Validation->processRules()
#8 /home/hatsugoki/Projet SI/Regime/system/Controller.php(136): CodeIgniter\Validation\Validation->run()
#9 /home/hatsugoki/Projet SI/Regime/app/Controllers/AuthController.php(268): CodeIgniter\Controller->validate()
#10 /home/hatsugoki/Projet SI/Regime/system/CodeIgniter.php(951): App\Controllers\AuthController->register()
#11 /home/hatsugoki/Projet SI/Regime/system/CodeIgniter.php(497): CodeIgniter\CodeIgniter->runController()
#12 /home/hatsugoki/Projet SI/Regime/system/CodeIgniter.php(340): CodeIgniter\CodeIgniter->handleRequest()
#13 /home/hatsugoki/Projet SI/Regime/system/Boot.php(417): CodeIgniter\CodeIgniter->run()
#14 /home/hatsugoki/Projet SI/Regime/system/Boot.php(68): CodeIgniter\Boot::runCodeIgniter()
#15 /home/hatsugoki/Projet SI/Regime/public/index.php(59): CodeIgniter\Boot::bootWeb()
#16 {main}

Next CodeIgniter\Database\Exceptions\DatabaseException: No such file or directory in /home/hatsugoki/Projet SI/Regime/system/Database/MySQLi/Connection.php:231
Stack trace:
#0 /home/hatsugoki/Projet SI/Regime/system/Database/BaseConnection.php(555): CodeIgniter\Database\MySQLi\Connection->connect()
#1 /home/hatsugoki/Projet SI/Regime/system/Database/BaseConnection.php(795): CodeIgniter\Database\BaseConnection->initialize()
#2 /home/hatsugoki/Projet SI/Regime/system/Database/BaseBuilder.php(1649): CodeIgniter\Database\BaseConnection->query()
#3 /home/hatsugoki/Projet SI/Regime/system/Validation/Rules.php(175): CodeIgniter\Database\BaseBuilder->get()
#4 /home/hatsugoki/Projet SI/Regime/system/Validation/StrictRules/Rules.php(187): CodeIgniter\Validation\Rules->is_unique()
#5 /home/hatsugoki/Projet SI/Regime/system/Validation/Validation.php(345): CodeIgniter\Validation\StrictRules\Rules->is_unique()
#6 /home/hatsugoki/Projet SI/Regime/system/Validation/Validation.php(210): CodeIgniter\Validation\Validation->processRules()
#7 /home/hatsugoki/Projet SI/Regime/system/Controller.php(136): CodeIgniter\Validation\Validation->run()
#8 /home/hatsugoki/Projet SI/Regime/app/Controllers/AuthController.php(268): CodeIgniter\Controller->validate()
#9 /home/hatsugoki/Projet SI/Regime/system/CodeIgniter.php(951): App\Controllers\AuthController->register()
#10 /home/hatsugoki/Projet SI/Regime/system/CodeIgniter.php(497): CodeIgniter\CodeIgniter->runController()
#11 /home/hatsugoki/Projet SI/Regime/system/CodeIgniter.php(340): CodeIgniter\CodeIgniter->handleRequest()
#12 /home/hatsugoki/Projet SI/Regime/system/Boot.php(417): CodeIgniter\CodeIgniter->run()
#13 /home/hatsugoki/Projet SI/Regime/system/Boot.php(68): CodeIgniter\Boot::runCodeIgniter()
#14 /home/hatsugoki/Projet SI/Regime/public/index.php(59): CodeIgniter\Boot::bootWeb()
#15 {main}
CRITICAL - 2026-05-09 17:05:52 --> CodeIgniter\Database\Exceptions\DatabaseException: Unable to connect to the database.
Main connection [MySQLi]: No such file or directory
[Method: POST, Route: inscription]
in SYSTEMPATH/Database/BaseConnection.php on line 606.
 1 SYSTEMPATH/Database/BaseConnection.php(795): CodeIgniter\Database\BaseConnection->initialize()
 2 SYSTEMPATH/Database/BaseBuilder.php(1649): CodeIgniter\Database\BaseConnection->query()
 3 SYSTEMPATH/Validation/Rules.php(175): CodeIgniter\Database\BaseBuilder->get()
 4 SYSTEMPATH/Validation/StrictRules/Rules.php(187): CodeIgniter\Validation\Rules->is_unique()
 5 SYSTEMPATH/Validation/Validation.php(345): CodeIgniter\Validation\StrictRules\Rules->is_unique()
 6 SYSTEMPATH/Validation/Validation.php(210): CodeIgniter\Validation\Validation->processRules()
 7 SYSTEMPATH/Controller.php(136): CodeIgniter\Validation\Validation->run()
 8 APPPATH/Controllers/AuthController.php(268): CodeIgniter\Controller->validate()
 9 SYSTEMPATH/CodeIgniter.php(951): App\Controllers\AuthController->register()
10 SYSTEMPATH/CodeIgniter.php(497): CodeIgniter\CodeIgniter->runController()
11 SYSTEMPATH/CodeIgniter.php(340): CodeIgniter\CodeIgniter->handleRequest()
12 SYSTEMPATH/Boot.php(417): CodeIgniter\CodeIgniter->run()
13 SYSTEMPATH/Boot.php(68): CodeIgniter\Boot::runCodeIgniter()
14 FCPATH/index.php(59): CodeIgniter\Boot::bootWeb()
ERROR - 2026-05-09 17:05:52 --> Error connecting to the database: mysqli_sql_exception: No such file or directory in /home/hatsugoki/Projet SI/Regime/system/Database/MySQLi/Connection.php:201
Stack trace:
#0 /home/hatsugoki/Projet SI/Regime/system/Database/MySQLi/Connection.php(201): mysqli->real_connect()
#1 /home/hatsugoki/Projet SI/Regime/system/Database/BaseConnection.php(555): CodeIgniter\Database\MySQLi\Connection->connect()
#2 /home/hatsugoki/Projet SI/Regime/system/Database/BaseConnection.php(795): CodeIgniter\Database\BaseConnection->initialize()
#3 /home/hatsugoki/Projet SI/Regime/system/Database/BaseBuilder.php(1649): CodeIgniter\Database\BaseConnection->query()
#4 /home/hatsugoki/Projet SI/Regime/system/Validation/Rules.php(175): CodeIgniter\Database\BaseBuilder->get()
#5 /home/hatsugoki/Projet SI/Regime/system/Validation/StrictRules/Rules.php(187): CodeIgniter\Validation\Rules->is_unique()
#6 /home/hatsugoki/Projet SI/Regime/system/Validation/Validation.php(345): CodeIgniter\Validation\StrictRules\Rules->is_unique()
#7 /home/hatsugoki/Projet SI/Regime/system/Validation/Validation.php(210): CodeIgniter\Validation\Validation->processRules()
#8 /home/hatsugoki/Projet SI/Regime/system/Controller.php(136): CodeIgniter\Validation\Validation->run()
#9 /home/hatsugoki/Projet SI/Regime/app/Controllers/AuthController.php(268): CodeIgniter\Controller->validate()
#10 /home/hatsugoki/Projet SI/Regime/system/CodeIgniter.php(951): App\Controllers\AuthController->register()
#11 /home/hatsugoki/Projet SI/Regime/system/CodeIgniter.php(497): CodeIgniter\CodeIgniter->runController()
#12 /home/hatsugoki/Projet SI/Regime/system/CodeIgniter.php(340): CodeIgniter\CodeIgniter->handleRequest()
#13 /home/hatsugoki/Projet SI/Regime/system/Boot.php(417): CodeIgniter\CodeIgniter->run()
#14 /home/hatsugoki/Projet SI/Regime/system/Boot.php(68): CodeIgniter\Boot::runCodeIgniter()
#15 /home/hatsugoki/Projet SI/Regime/public/index.php(59): CodeIgniter\Boot::bootWeb()
#16 {main}

Next CodeIgniter\Database\Exceptions\DatabaseException: No such file or directory in /home/hatsugoki/Projet SI/Regime/system/Database/MySQLi/Connection.php:231
Stack trace:
#0 /home/hatsugoki/Projet SI/Regime/system/Database/BaseConnection.php(555): CodeIgniter\Database\MySQLi\Connection->connect()
#1 /home/hatsugoki/Projet SI/Regime/system/Database/BaseConnection.php(795): CodeIgniter\Database\BaseConnection->initialize()
#2 /home/hatsugoki/Projet SI/Regime/system/Database/BaseBuilder.php(1649): CodeIgniter\Database\BaseConnection->query()
#3 /home/hatsugoki/Projet SI/Regime/system/Validation/Rules.php(175): CodeIgniter\Database\BaseBuilder->get()
#4 /home/hatsugoki/Projet SI/Regime/system/Validation/StrictRules/Rules.php(187): CodeIgniter\Validation\Rules->is_unique()
#5 /home/hatsugoki/Projet SI/Regime/system/Validation/Validation.php(345): CodeIgniter\Validation\StrictRules\Rules->is_unique()
#6 /home/hatsugoki/Projet SI/Regime/system/Validation/Validation.php(210): CodeIgniter\Validation\Validation->processRules()
#7 /home/hatsugoki/Projet SI/Regime/system/Controller.php(136): CodeIgniter\Validation\Validation->run()
#8 /home/hatsugoki/Projet SI/Regime/app/Controllers/AuthController.php(268): CodeIgniter\Controller->validate()
#9 /home/hatsugoki/Projet SI/Regime/system/CodeIgniter.php(951): App\Controllers\AuthController->register()
#10 /home/hatsugoki/Projet SI/Regime/system/CodeIgniter.php(497): CodeIgniter\CodeIgniter->runController()
#11 /home/hatsugoki/Projet SI/Regime/system/CodeIgniter.php(340): CodeIgniter\CodeIgniter->handleRequest()
#12 /home/hatsugoki/Projet SI/Regime/system/Boot.php(417): CodeIgniter\CodeIgniter->run()
#13 /home/hatsugoki/Projet SI/Regime/system/Boot.php(68): CodeIgniter\Boot::runCodeIgniter()
#14 /home/hatsugoki/Projet SI/Regime/public/index.php(59): CodeIgniter\Boot::bootWeb()
#15 {main}
CRITICAL - 2026-05-09 17:05:52 --> CodeIgniter\Database\Exceptions\DatabaseException: Unable to connect to the database.
Main connection [MySQLi]: No such file or directory
[Method: POST, Route: inscription]
in SYSTEMPATH/Database/BaseConnection.php on line 606.
 1 SYSTEMPATH/Database/BaseConnection.php(795): CodeIgniter\Database\BaseConnection->initialize()
 2 SYSTEMPATH/Database/BaseBuilder.php(1649): CodeIgniter\Database\BaseConnection->query()
 3 SYSTEMPATH/Validation/Rules.php(175): CodeIgniter\Database\BaseBuilder->get()
 4 SYSTEMPATH/Validation/StrictRules/Rules.php(187): CodeIgniter\Validation\Rules->is_unique()
 5 SYSTEMPATH/Validation/Validation.php(345): CodeIgniter\Validation\StrictRules\Rules->is_unique()
 6 SYSTEMPATH/Validation/Validation.php(210): CodeIgniter\Validation\Validation->processRules()
 7 SYSTEMPATH/Controller.php(136): CodeIgniter\Validation\Validation->run()
 8 APPPATH/Controllers/AuthController.php(268): CodeIgniter\Controller->validate()
 9 SYSTEMPATH/CodeIgniter.php(951): App\Controllers\AuthController->register()
10 SYSTEMPATH/CodeIgniter.php(497): CodeIgniter\CodeIgniter->runController()
11 SYSTEMPATH/CodeIgniter.php(340): CodeIgniter\CodeIgniter->handleRequest()
12 SYSTEMPATH/Boot.php(417): CodeIgniter\CodeIgniter->run()
13 SYSTEMPATH/Boot.php(68): CodeIgniter\Boot::runCodeIgniter()
14 FCPATH/index.php(59): CodeIgniter\Boot::bootWeb()
ERROR - 2026-05-09 17:05:52 --> Error connecting to the database: mysqli_sql_exception: No such file or directory in /home/hatsugoki/Projet SI/Regime/system/Database/MySQLi/Connection.php:201
Stack trace:
#0 /home/hatsugoki/Projet SI/Regime/system/Database/MySQLi/Connection.php(201): mysqli->real_connect()
#1 /home/hatsugoki/Projet SI/Regime/system/Database/BaseConnection.php(555): CodeIgniter\Database\MySQLi\Connection->connect()
#2 /home/hatsugoki/Projet SI/Regime/system/Database/BaseConnection.php(795): CodeIgniter\Database\BaseConnection->initialize()
#3 /home/hatsugoki/Projet SI/Regime/system/Database/BaseBuilder.php(1649): CodeIgniter\Database\BaseConnection->query()
#4 /home/hatsugoki/Projet SI/Regime/system/Validation/Rules.php(175): CodeIgniter\Database\BaseBuilder->get()
#5 /home/hatsugoki/Projet SI/Regime/system/Validation/StrictRules/Rules.php(187): CodeIgniter\Validation\Rules->is_unique()
#6 /home/hatsugoki/Projet SI/Regime/system/Validation/Validation.php(345): CodeIgniter\Validation\StrictRules\Rules->is_unique()
#7 /home/hatsugoki/Projet SI/Regime/system/Validation/Validation.php(210): CodeIgniter\Validation\Validation->processRules()
#8 /home/hatsugoki/Projet SI/Regime/system/Controller.php(136): CodeIgniter\Validation\Validation->run()
#9 /home/hatsugoki/Projet SI/Regime/app/Controllers/AuthController.php(268): CodeIgniter\Controller->validate()
#10 /home/hatsugoki/Projet SI/Regime/system/CodeIgniter.php(951): App\Controllers\AuthController->register()
#11 /home/hatsugoki/Projet SI/Regime/system/CodeIgniter.php(497): CodeIgniter\CodeIgniter->runController()
#12 /home/hatsugoki/Projet SI/Regime/system/CodeIgniter.php(340): CodeIgniter\CodeIgniter->handleRequest()
#13 /home/hatsugoki/Projet SI/Regime/system/Boot.php(417): CodeIgniter\CodeIgniter->run()
#14 /home/hatsugoki/Projet SI/Regime/system/Boot.php(68): CodeIgniter\Boot::runCodeIgniter()
#15 /home/hatsugoki/Projet SI/Regime/public/index.php(59): CodeIgniter\Boot::bootWeb()
#16 {main}

Next CodeIgniter\Database\Exceptions\DatabaseException: No such file or directory in /home/hatsugoki/Projet SI/Regime/system/Database/MySQLi/Connection.php:231
Stack trace:
#0 /home/hatsugoki/Projet SI/Regime/system/Database/BaseConnection.php(555): CodeIgniter\Database\MySQLi\Connection->connect()
#1 /home/hatsugoki/Projet SI/Regime/system/Database/BaseConnection.php(795): CodeIgniter\Database\BaseConnection->initialize()
#2 /home/hatsugoki/Projet SI/Regime/system/Database/BaseBuilder.php(1649): CodeIgniter\Database\BaseConnection->query()
#3 /home/hatsugoki/Projet SI/Regime/system/Validation/Rules.php(175): CodeIgniter\Database\BaseBuilder->get()
#4 /home/hatsugoki/Projet SI/Regime/system/Validation/StrictRules/Rules.php(187): CodeIgniter\Validation\Rules->is_unique()
#5 /home/hatsugoki/Projet SI/Regime/system/Validation/Validation.php(345): CodeIgniter\Validation\StrictRules\Rules->is_unique()
#6 /home/hatsugoki/Projet SI/Regime/system/Validation/Validation.php(210): CodeIgniter\Validation\Validation->processRules()
#7 /home/hatsugoki/Projet SI/Regime/system/Controller.php(136): CodeIgniter\Validation\Validation->run()
#8 /home/hatsugoki/Projet SI/Regime/app/Controllers/AuthController.php(268): CodeIgniter\Controller->validate()
#9 /home/hatsugoki/Projet SI/Regime/system/CodeIgniter.php(951): App\Controllers\AuthController->register()
#10 /home/hatsugoki/Projet SI/Regime/system/CodeIgniter.php(497): CodeIgniter\CodeIgniter->runController()
#11 /home/hatsugoki/Projet SI/Regime/system/CodeIgniter.php(340): CodeIgniter\CodeIgniter->handleRequest()
#12 /home/hatsugoki/Projet SI/Regime/system/Boot.php(417): CodeIgniter\CodeIgniter->run()
#13 /home/hatsugoki/Projet SI/Regime/system/Boot.php(68): CodeIgniter\Boot::runCodeIgniter()
#14 /home/hatsugoki/Projet SI/Regime/public/index.php(59): CodeIgniter\Boot::bootWeb()
#15 {main}
CRITICAL - 2026-05-09 17:05:52 --> CodeIgniter\Database\Exceptions\DatabaseException: Unable to connect to the database.
Main connection [MySQLi]: No such file or directory
[Method: POST, Route: inscription]
in SYSTEMPATH/Database/BaseConnection.php on line 606.
 1 SYSTEMPATH/Database/BaseConnection.php(795): CodeIgniter\Database\BaseConnection->initialize()
 2 SYSTEMPATH/Database/BaseBuilder.php(1649): CodeIgniter\Database\BaseConnection->query()
 3 SYSTEMPATH/Validation/Rules.php(175): CodeIgniter\Database\BaseBuilder->get()
 4 SYSTEMPATH/Validation/StrictRules/Rules.php(187): CodeIgniter\Validation\Rules->is_unique()
 5 SYSTEMPATH/Validation/Validation.php(345): CodeIgniter\Validation\StrictRules\Rules->is_unique()
 6 SYSTEMPATH/Validation/Validation.php(210): CodeIgniter\Validation\Validation->processRules()
 7 SYSTEMPATH/Controller.php(136): CodeIgniter\Validation\Validation->run()
 8 APPPATH/Controllers/AuthController.php(268): CodeIgniter\Controller->validate()
 9 SYSTEMPATH/CodeIgniter.php(951): App\Controllers\AuthController->register()
10 SYSTEMPATH/CodeIgniter.php(497): CodeIgniter\CodeIgniter->runController()
11 SYSTEMPATH/CodeIgniter.php(340): CodeIgniter\CodeIgniter->handleRequest()
12 SYSTEMPATH/Boot.php(417): CodeIgniter\CodeIgniter->run()
13 SYSTEMPATH/Boot.php(68): CodeIgniter\Boot::runCodeIgniter()
14 FCPATH/index.php(59): CodeIgniter\Boot::bootWeb()
ERROR - 2026-05-09 17:05:52 --> Error connecting to the database: mysqli_sql_exception: No such file or directory in /home/hatsugoki/Projet SI/Regime/system/Database/MySQLi/Connection.php:201
Stack trace:
#0 /home/hatsugoki/Projet SI/Regime/system/Database/MySQLi/Connection.php(201): mysqli->real_connect()
#1 /home/hatsugoki/Projet SI/Regime/system/Database/BaseConnection.php(555): CodeIgniter\Database\MySQLi\Connection->connect()
#2 /home/hatsugoki/Projet SI/Regime/system/Database/BaseConnection.php(795): CodeIgniter\Database\BaseConnection->initialize()
#3 /home/hatsugoki/Projet SI/Regime/system/Database/BaseBuilder.php(1649): CodeIgniter\Database\BaseConnection->query()
#4 /home/hatsugoki/Projet SI/Regime/system/Validation/Rules.php(175): CodeIgniter\Database\BaseBuilder->get()
#5 /home/hatsugoki/Projet SI/Regime/system/Validation/StrictRules/Rules.php(187): CodeIgniter\Validation\Rules->is_unique()
#6 /home/hatsugoki/Projet SI/Regime/system/Validation/Validation.php(345): CodeIgniter\Validation\StrictRules\Rules->is_unique()
#7 /home/hatsugoki/Projet SI/Regime/system/Validation/Validation.php(210): CodeIgniter\Validation\Validation->processRules()
#8 /home/hatsugoki/Projet SI/Regime/system/Controller.php(136): CodeIgniter\Validation\Validation->run()
#9 /home/hatsugoki/Projet SI/Regime/app/Controllers/AuthController.php(268): CodeIgniter\Controller->validate()
#10 /home/hatsugoki/Projet SI/Regime/system/CodeIgniter.php(951): App\Controllers\AuthController->register()
#11 /home/hatsugoki/Projet SI/Regime/system/CodeIgniter.php(497): CodeIgniter\CodeIgniter->runController()
#12 /home/hatsugoki/Projet SI/Regime/system/CodeIgniter.php(340): CodeIgniter\CodeIgniter->handleRequest()
#13 /home/hatsugoki/Projet SI/Regime/system/Boot.php(417): CodeIgniter\CodeIgniter->run()
#14 /home/hatsugoki/Projet SI/Regime/system/Boot.php(68): CodeIgniter\Boot::runCodeIgniter()
#15 /home/hatsugoki/Projet SI/Regime/public/index.php(59): CodeIgniter\Boot::bootWeb()
#16 {main}

Next CodeIgniter\Database\Exceptions\DatabaseException: No such file or directory in /home/hatsugoki/Projet SI/Regime/system/Database/MySQLi/Connection.php:231
Stack trace:
#0 /home/hatsugoki/Projet SI/Regime/system/Database/BaseConnection.php(555): CodeIgniter\Database\MySQLi\Connection->connect()
#1 /home/hatsugoki/Projet SI/Regime/system/Database/BaseConnection.php(795): CodeIgniter\Database\BaseConnection->initialize()
#2 /home/hatsugoki/Projet SI/Regime/system/Database/BaseBuilder.php(1649): CodeIgniter\Database\BaseConnection->query()
#3 /home/hatsugoki/Projet SI/Regime/system/Validation/Rules.php(175): CodeIgniter\Database\BaseBuilder->get()
#4 /home/hatsugoki/Projet SI/Regime/system/Validation/StrictRules/Rules.php(187): CodeIgniter\Validation\Rules->is_unique()
#5 /home/hatsugoki/Projet SI/Regime/system/Validation/Validation.php(345): CodeIgniter\Validation\StrictRules\Rules->is_unique()
#6 /home/hatsugoki/Projet SI/Regime/system/Validation/Validation.php(210): CodeIgniter\Validation\Validation->processRules()
#7 /home/hatsugoki/Projet SI/Regime/system/Controller.php(136): CodeIgniter\Validation\Validation->run()
#8 /home/hatsugoki/Projet SI/Regime/app/Controllers/AuthController.php(268): CodeIgniter\Controller->validate()
#9 /home/hatsugoki/Projet SI/Regime/system/CodeIgniter.php(951): App\Controllers\AuthController->register()
#10 /home/hatsugoki/Projet SI/Regime/system/CodeIgniter.php(497): CodeIgniter\CodeIgniter->runController()
#11 /home/hatsugoki/Projet SI/Regime/system/CodeIgniter.php(340): CodeIgniter\CodeIgniter->handleRequest()
#12 /home/hatsugoki/Projet SI/Regime/system/Boot.php(417): CodeIgniter\CodeIgniter->run()
#13 /home/hatsugoki/Projet SI/Regime/system/Boot.php(68): CodeIgniter\Boot::runCodeIgniter()
#14 /home/hatsugoki/Projet SI/Regime/public/index.php(59): CodeIgniter\Boot::bootWeb()
#15 {main}
CRITICAL - 2026-05-09 17:05:52 --> CodeIgniter\Database\Exceptions\DatabaseException: Unable to connect to the database.
Main connection [MySQLi]: No such file or directory
[Method: POST, Route: inscription]
in SYSTEMPATH/Database/BaseConnection.php on line 606.
 1 SYSTEMPATH/Database/BaseConnection.php(795): CodeIgniter\Database\BaseConnection->initialize()
 2 SYSTEMPATH/Database/BaseBuilder.php(1649): CodeIgniter\Database\BaseConnection->query()
 3 SYSTEMPATH/Validation/Rules.php(175): CodeIgniter\Database\BaseBuilder->get()
 4 SYSTEMPATH/Validation/StrictRules/Rules.php(187): CodeIgniter\Validation\Rules->is_unique()
 5 SYSTEMPATH/Validation/Validation.php(345): CodeIgniter\Validation\StrictRules\Rules->is_unique()
 6 SYSTEMPATH/Validation/Validation.php(210): CodeIgniter\Validation\Validation->processRules()
 7 SYSTEMPATH/Controller.php(136): CodeIgniter\Validation\Validation->run()
 8 APPPATH/Controllers/AuthController.php(268): CodeIgniter\Controller->validate()
 9 SYSTEMPATH/CodeIgniter.php(951): App\Controllers\AuthController->register()
10 SYSTEMPATH/CodeIgniter.php(497): CodeIgniter\CodeIgniter->runController()
11 SYSTEMPATH/CodeIgniter.php(340): CodeIgniter\CodeIgniter->handleRequest()
12 SYSTEMPATH/Boot.php(417): CodeIgniter\CodeIgniter->run()
13 SYSTEMPATH/Boot.php(68): CodeIgniter\Boot::runCodeIgniter()
14 FCPATH/index.php(59): CodeIgniter\Boot::bootWeb()
ERROR - 2026-05-09 17:05:59 --> Error connecting to the database: mysqli_sql_exception: No such file or directory in /home/hatsugoki/Projet SI/Regime/system/Database/MySQLi/Connection.php:201
Stack trace:
#0 /home/hatsugoki/Projet SI/Regime/system/Database/MySQLi/Connection.php(201): mysqli->real_connect()
#1 /home/hatsugoki/Projet SI/Regime/system/Database/BaseConnection.php(555): CodeIgniter\Database\MySQLi\Connection->connect()
#2 /home/hatsugoki/Projet SI/Regime/system/Database/BaseConnection.php(795): CodeIgniter\Database\BaseConnection->initialize()
#3 /home/hatsugoki/Projet SI/Regime/system/Database/BaseBuilder.php(1649): CodeIgniter\Database\BaseConnection->query()
#4 /home/hatsugoki/Projet SI/Regime/system/Validation/Rules.php(175): CodeIgniter\Database\BaseBuilder->get()
#5 /home/hatsugoki/Projet SI/Regime/system/Validation/StrictRules/Rules.php(187): CodeIgniter\Validation\Rules->is_unique()
#6 /home/hatsugoki/Projet SI/Regime/system/Validation/Validation.php(345): CodeIgniter\Validation\StrictRules\Rules->is_unique()
#7 /home/hatsugoki/Projet SI/Regime/system/Validation/Validation.php(210): CodeIgniter\Validation\Validation->processRules()
#8 /home/hatsugoki/Projet SI/Regime/system/Controller.php(136): CodeIgniter\Validation\Validation->run()
#9 /home/hatsugoki/Projet SI/Regime/app/Controllers/AuthController.php(268): CodeIgniter\Controller->validate()
#10 /home/hatsugoki/Projet SI/Regime/system/CodeIgniter.php(951): App\Controllers\AuthController->register()
#11 /home/hatsugoki/Projet SI/Regime/system/CodeIgniter.php(497): CodeIgniter\CodeIgniter->runController()
#12 /home/hatsugoki/Projet SI/Regime/system/CodeIgniter.php(340): CodeIgniter\CodeIgniter->handleRequest()
#13 /home/hatsugoki/Projet SI/Regime/system/Boot.php(417): CodeIgniter\CodeIgniter->run()
#14 /home/hatsugoki/Projet SI/Regime/system/Boot.php(68): CodeIgniter\Boot::runCodeIgniter()
#15 /home/hatsugoki/Projet SI/Regime/public/index.php(59): CodeIgniter\Boot::bootWeb()
#16 {main}

Next CodeIgniter\Database\Exceptions\DatabaseException: No such file or directory in /home/hatsugoki/Projet SI/Regime/system/Database/MySQLi/Connection.php:231
Stack trace:
#0 /home/hatsugoki/Projet SI/Regime/system/Database/BaseConnection.php(555): CodeIgniter\Database\MySQLi\Connection->connect()
#1 /home/hatsugoki/Projet SI/Regime/system/Database/BaseConnection.php(795): CodeIgniter\Database\BaseConnection->initialize()
#2 /home/hatsugoki/Projet SI/Regime/system/Database/BaseBuilder.php(1649): CodeIgniter\Database\BaseConnection->query()
#3 /home/hatsugoki/Projet SI/Regime/system/Validation/Rules.php(175): CodeIgniter\Database\BaseBuilder->get()
#4 /home/hatsugoki/Projet SI/Regime/system/Validation/StrictRules/Rules.php(187): CodeIgniter\Validation\Rules->is_unique()
#5 /home/hatsugoki/Projet SI/Regime/system/Validation/Validation.php(345): CodeIgniter\Validation\StrictRules\Rules->is_unique()
#6 /home/hatsugoki/Projet SI/Regime/system/Validation/Validation.php(210): CodeIgniter\Validation\Validation->processRules()
#7 /home/hatsugoki/Projet SI/Regime/system/Controller.php(136): CodeIgniter\Validation\Validation->run()
#8 /home/hatsugoki/Projet SI/Regime/app/Controllers/AuthController.php(268): CodeIgniter\Controller->validate()
#9 /home/hatsugoki/Projet SI/Regime/system/CodeIgniter.php(951): App\Controllers\AuthController->register()
#10 /home/hatsugoki/Projet SI/Regime/system/CodeIgniter.php(497): CodeIgniter\CodeIgniter->runController()
#11 /home/hatsugoki/Projet SI/Regime/system/CodeIgniter.php(340): CodeIgniter\CodeIgniter->handleRequest()
#12 /home/hatsugoki/Projet SI/Regime/system/Boot.php(417): CodeIgniter\CodeIgniter->run()
#13 /home/hatsugoki/Projet SI/Regime/system/Boot.php(68): CodeIgniter\Boot::runCodeIgniter()
#14 /home/hatsugoki/Projet SI/Regime/public/index.php(59): CodeIgniter\Boot::bootWeb()
#15 {main}
CRITICAL - 2026-05-09 17:05:59 --> CodeIgniter\Database\Exceptions\DatabaseException: Unable to connect to the database.
Main connection [MySQLi]: No such file or directory
[Method: POST, Route: inscription]
in SYSTEMPATH/Database/BaseConnection.php on line 606.
 1 SYSTEMPATH/Database/BaseConnection.php(795): CodeIgniter\Database\BaseConnection->initialize()
 2 SYSTEMPATH/Database/BaseBuilder.php(1649): CodeIgniter\Database\BaseConnection->query()
 3 SYSTEMPATH/Validation/Rules.php(175): CodeIgniter\Database\BaseBuilder->get()
 4 SYSTEMPATH/Validation/StrictRules/Rules.php(187): CodeIgniter\Validation\Rules->is_unique()
 5 SYSTEMPATH/Validation/Validation.php(345): CodeIgniter\Validation\StrictRules\Rules->is_unique()
 6 SYSTEMPATH/Validation/Validation.php(210): CodeIgniter\Validation\Validation->processRules()
 7 SYSTEMPATH/Controller.php(136): CodeIgniter\Validation\Validation->run()
 8 APPPATH/Controllers/AuthController.php(268): CodeIgniter\Controller->validate()
 9 SYSTEMPATH/CodeIgniter.php(951): App\Controllers\AuthController->register()
10 SYSTEMPATH/CodeIgniter.php(497): CodeIgniter\CodeIgniter->runController()
11 SYSTEMPATH/CodeIgniter.php(340): CodeIgniter\CodeIgniter->handleRequest()
12 SYSTEMPATH/Boot.php(417): CodeIgniter\CodeIgniter->run()
13 SYSTEMPATH/Boot.php(68): CodeIgniter\Boot::runCodeIgniter()
14 FCPATH/index.php(59): CodeIgniter\Boot::bootWeb()
ERROR - 2026-05-09 17:07:20 --> Error connecting to the database: mysqli_sql_exception: No such file or directory in /home/hatsugoki/Projet SI/Regime/system/Database/MySQLi/Connection.php:201
Stack trace:
#0 /home/hatsugoki/Projet SI/Regime/system/Database/MySQLi/Connection.php(201): mysqli->real_connect()
#1 /home/hatsugoki/Projet SI/Regime/system/Database/BaseConnection.php(555): CodeIgniter\Database\MySQLi\Connection->connect()
#2 /home/hatsugoki/Projet SI/Regime/system/Database/BaseConnection.php(795): CodeIgniter\Database\BaseConnection->initialize()
#3 /home/hatsugoki/Projet SI/Regime/system/Database/BaseBuilder.php(1649): CodeIgniter\Database\BaseConnection->query()
#4 /home/hatsugoki/Projet SI/Regime/system/Model.php(253): CodeIgniter\Database\BaseBuilder->get()
#5 /home/hatsugoki/Projet SI/Regime/system/BaseModel.php(676): CodeIgniter\Model->doFindAll()
#6 /home/hatsugoki/Projet SI/Regime/app/Controllers/AuthController.php(44): CodeIgniter\BaseModel->findAll()
#7 /home/hatsugoki/Projet SI/Regime/app/Controllers/AuthController.php(237): App\Controllers\AuthController->getGenres()
#8 /home/hatsugoki/Projet SI/Regime/system/CodeIgniter.php(951): App\Controllers\AuthController->registerForm()
#9 /home/hatsugoki/Projet SI/Regime/system/CodeIgniter.php(497): CodeIgniter\CodeIgniter->runController()
#10 /home/hatsugoki/Projet SI/Regime/system/CodeIgniter.php(340): CodeIgniter\CodeIgniter->handleRequest()
#11 /home/hatsugoki/Projet SI/Regime/system/Boot.php(417): CodeIgniter\CodeIgniter->run()
#12 /home/hatsugoki/Projet SI/Regime/system/Boot.php(68): CodeIgniter\Boot::runCodeIgniter()
#13 /home/hatsugoki/Projet SI/Regime/public/index.php(59): CodeIgniter\Boot::bootWeb()
#14 {main}

Next CodeIgniter\Database\Exceptions\DatabaseException: No such file or directory in /home/hatsugoki/Projet SI/Regime/system/Database/MySQLi/Connection.php:231
Stack trace:
#0 /home/hatsugoki/Projet SI/Regime/system/Database/BaseConnection.php(555): CodeIgniter\Database\MySQLi\Connection->connect()
#1 /home/hatsugoki/Projet SI/Regime/system/Database/BaseConnection.php(795): CodeIgniter\Database\BaseConnection->initialize()
#2 /home/hatsugoki/Projet SI/Regime/system/Database/BaseBuilder.php(1649): CodeIgniter\Database\BaseConnection->query()
#3 /home/hatsugoki/Projet SI/Regime/system/Model.php(253): CodeIgniter\Database\BaseBuilder->get()
#4 /home/hatsugoki/Projet SI/Regime/system/BaseModel.php(676): CodeIgniter\Model->doFindAll()
#5 /home/hatsugoki/Projet SI/Regime/app/Controllers/AuthController.php(44): CodeIgniter\BaseModel->findAll()
#6 /home/hatsugoki/Projet SI/Regime/app/Controllers/AuthController.php(237): App\Controllers\AuthController->getGenres()
#7 /home/hatsugoki/Projet SI/Regime/system/CodeIgniter.php(951): App\Controllers\AuthController->registerForm()
#8 /home/hatsugoki/Projet SI/Regime/system/CodeIgniter.php(497): CodeIgniter\CodeIgniter->runController()
#9 /home/hatsugoki/Projet SI/Regime/system/CodeIgniter.php(340): CodeIgniter\CodeIgniter->handleRequest()
#10 /home/hatsugoki/Projet SI/Regime/system/Boot.php(417): CodeIgniter\CodeIgniter->run()
#11 /home/hatsugoki/Projet SI/Regime/system/Boot.php(68): CodeIgniter\Boot::runCodeIgniter()
#12 /home/hatsugoki/Projet SI/Regime/public/index.php(59): CodeIgniter\Boot::bootWeb()
#13 {main}
ERROR - 2026-05-09 17:07:21 --> Error connecting to the database: mysqli_sql_exception: No such file or directory in /home/hatsugoki/Projet SI/Regime/system/Database/MySQLi/Connection.php:201
Stack trace:
#0 /home/hatsugoki/Projet SI/Regime/system/Database/MySQLi/Connection.php(201): mysqli->real_connect()
#1 /home/hatsugoki/Projet SI/Regime/system/Database/BaseConnection.php(555): CodeIgniter\Database\MySQLi\Connection->connect()
#2 /home/hatsugoki/Projet SI/Regime/system/Database/BaseConnection.php(795): CodeIgniter\Database\BaseConnection->initialize()
#3 /home/hatsugoki/Projet SI/Regime/system/Database/BaseBuilder.php(1649): CodeIgniter\Database\BaseConnection->query()
#4 /home/hatsugoki/Projet SI/Regime/system/Model.php(253): CodeIgniter\Database\BaseBuilder->get()
#5 /home/hatsugoki/Projet SI/Regime/system/BaseModel.php(676): CodeIgniter\Model->doFindAll()
#6 /home/hatsugoki/Projet SI/Regime/app/Controllers/AuthController.php(44): CodeIgniter\BaseModel->findAll()
#7 /home/hatsugoki/Projet SI/Regime/app/Controllers/AuthController.php(237): App\Controllers\AuthController->getGenres()
#8 /home/hatsugoki/Projet SI/Regime/system/CodeIgniter.php(951): App\Controllers\AuthController->registerForm()
#9 /home/hatsugoki/Projet SI/Regime/system/CodeIgniter.php(497): CodeIgniter\CodeIgniter->runController()
#10 /home/hatsugoki/Projet SI/Regime/system/CodeIgniter.php(340): CodeIgniter\CodeIgniter->handleRequest()
#11 /home/hatsugoki/Projet SI/Regime/system/Boot.php(417): CodeIgniter\CodeIgniter->run()
#12 /home/hatsugoki/Projet SI/Regime/system/Boot.php(68): CodeIgniter\Boot::runCodeIgniter()
#13 /home/hatsugoki/Projet SI/Regime/public/index.php(59): CodeIgniter\Boot::bootWeb()
#14 {main}

Next CodeIgniter\Database\Exceptions\DatabaseException: No such file or directory in /home/hatsugoki/Projet SI/Regime/system/Database/MySQLi/Connection.php:231
Stack trace:
#0 /home/hatsugoki/Projet SI/Regime/system/Database/BaseConnection.php(555): CodeIgniter\Database\MySQLi\Connection->connect()
#1 /home/hatsugoki/Projet SI/Regime/system/Database/BaseConnection.php(795): CodeIgniter\Database\BaseConnection->initialize()
#2 /home/hatsugoki/Projet SI/Regime/system/Database/BaseBuilder.php(1649): CodeIgniter\Database\BaseConnection->query()
#3 /home/hatsugoki/Projet SI/Regime/system/Model.php(253): CodeIgniter\Database\BaseBuilder->get()
#4 /home/hatsugoki/Projet SI/Regime/system/BaseModel.php(676): CodeIgniter\Model->doFindAll()
#5 /home/hatsugoki/Projet SI/Regime/app/Controllers/AuthController.php(44): CodeIgniter\BaseModel->findAll()
#6 /home/hatsugoki/Projet SI/Regime/app/Controllers/AuthController.php(237): App\Controllers\AuthController->getGenres()
#7 /home/hatsugoki/Projet SI/Regime/system/CodeIgniter.php(951): App\Controllers\AuthController->registerForm()
#8 /home/hatsugoki/Projet SI/Regime/system/CodeIgniter.php(497): CodeIgniter\CodeIgniter->runController()
#9 /home/hatsugoki/Projet SI/Regime/system/CodeIgniter.php(340): CodeIgniter\CodeIgniter->handleRequest()
#10 /home/hatsugoki/Projet SI/Regime/system/Boot.php(417): CodeIgniter\CodeIgniter->run()
#11 /home/hatsugoki/Projet SI/Regime/system/Boot.php(68): CodeIgniter\Boot::runCodeIgniter()
#12 /home/hatsugoki/Projet SI/Regime/public/index.php(59): CodeIgniter\Boot::bootWeb()
#13 {main}
ERROR - 2026-05-09 17:07:21 --> Error connecting to the database: mysqli_sql_exception: No such file or directory in /home/hatsugoki/Projet SI/Regime/system/Database/MySQLi/Connection.php:201
Stack trace:
#0 /home/hatsugoki/Projet SI/Regime/system/Database/MySQLi/Connection.php(201): mysqli->real_connect()
#1 /home/hatsugoki/Projet SI/Regime/system/Database/BaseConnection.php(555): CodeIgniter\Database\MySQLi\Connection->connect()
#2 /home/hatsugoki/Projet SI/Regime/system/Database/BaseConnection.php(795): CodeIgniter\Database\BaseConnection->initialize()
#3 /home/hatsugoki/Projet SI/Regime/system/Database/BaseBuilder.php(1649): CodeIgniter\Database\BaseConnection->query()
#4 /home/hatsugoki/Projet SI/Regime/system/Model.php(253): CodeIgniter\Database\BaseBuilder->get()
#5 /home/hatsugoki/Projet SI/Regime/system/BaseModel.php(676): CodeIgniter\Model->doFindAll()
#6 /home/hatsugoki/Projet SI/Regime/app/Controllers/AuthController.php(44): CodeIgniter\BaseModel->findAll()
#7 /home/hatsugoki/Projet SI/Regime/app/Controllers/AuthController.php(237): App\Controllers\AuthController->getGenres()
#8 /home/hatsugoki/Projet SI/Regime/system/CodeIgniter.php(951): App\Controllers\AuthController->registerForm()
#9 /home/hatsugoki/Projet SI/Regime/system/CodeIgniter.php(497): CodeIgniter\CodeIgniter->runController()
#10 /home/hatsugoki/Projet SI/Regime/system/CodeIgniter.php(340): CodeIgniter\CodeIgniter->handleRequest()
#11 /home/hatsugoki/Projet SI/Regime/system/Boot.php(417): CodeIgniter\CodeIgniter->run()
#12 /home/hatsugoki/Projet SI/Regime/system/Boot.php(68): CodeIgniter\Boot::runCodeIgniter()
#13 /home/hatsugoki/Projet SI/Regime/public/index.php(59): CodeIgniter\Boot::bootWeb()
#14 {main}

Next CodeIgniter\Database\Exceptions\DatabaseException: No such file or directory in /home/hatsugoki/Projet SI/Regime/system/Database/MySQLi/Connection.php:231
Stack trace:
#0 /home/hatsugoki/Projet SI/Regime/system/Database/BaseConnection.php(555): CodeIgniter\Database\MySQLi\Connection->connect()
#1 /home/hatsugoki/Projet SI/Regime/system/Database/BaseConnection.php(795): CodeIgniter\Database\BaseConnection->initialize()
#2 /home/hatsugoki/Projet SI/Regime/system/Database/BaseBuilder.php(1649): CodeIgniter\Database\BaseConnection->query()
#3 /home/hatsugoki/Projet SI/Regime/system/Model.php(253): CodeIgniter\Database\BaseBuilder->get()
#4 /home/hatsugoki/Projet SI/Regime/system/BaseModel.php(676): CodeIgniter\Model->doFindAll()
#5 /home/hatsugoki/Projet SI/Regime/app/Controllers/AuthController.php(44): CodeIgniter\BaseModel->findAll()
#6 /home/hatsugoki/Projet SI/Regime/app/Controllers/AuthController.php(237): App\Controllers\AuthController->getGenres()
#7 /home/hatsugoki/Projet SI/Regime/system/CodeIgniter.php(951): App\Controllers\AuthController->registerForm()
#8 /home/hatsugoki/Projet SI/Regime/system/CodeIgniter.php(497): CodeIgniter\CodeIgniter->runController()
#9 /home/hatsugoki/Projet SI/Regime/system/CodeIgniter.php(340): CodeIgniter\CodeIgniter->handleRequest()
#10 /home/hatsugoki/Projet SI/Regime/system/Boot.php(417): CodeIgniter\CodeIgniter->run()
#11 /home/hatsugoki/Projet SI/Regime/system/Boot.php(68): CodeIgniter\Boot::runCodeIgniter()
#12 /home/hatsugoki/Projet SI/Regime/public/index.php(59): CodeIgniter\Boot::bootWeb()
#13 {main}
ERROR - 2026-05-09 17:08:23 --> Error connecting to the database: mysqli_sql_exception: No such file or directory in /home/hatsugoki/Projet SI/Regime/system/Database/MySQLi/Connection.php:201
Stack trace:
#0 /home/hatsugoki/Projet SI/Regime/system/Database/MySQLi/Connection.php(201): mysqli->real_connect()
#1 /home/hatsugoki/Projet SI/Regime/system/Database/BaseConnection.php(555): CodeIgniter\Database\MySQLi\Connection->connect()
#2 /home/hatsugoki/Projet SI/Regime/system/Database/BaseConnection.php(795): CodeIgniter\Database\BaseConnection->initialize()
#3 /home/hatsugoki/Projet SI/Regime/system/Database/BaseBuilder.php(1649): CodeIgniter\Database\BaseConnection->query()
#4 /home/hatsugoki/Projet SI/Regime/system/Model.php(295): CodeIgniter\Database\BaseBuilder->get()
#5 /home/hatsugoki/Projet SI/Regime/system/BaseModel.php(714): CodeIgniter\Model->doFirst()
#6 /home/hatsugoki/Projet SI/Regime/app/Controllers/AuthController.php(169): CodeIgniter\BaseModel->first()
#7 /home/hatsugoki/Projet SI/Regime/system/CodeIgniter.php(951): App\Controllers\AuthController->login()
#8 /home/hatsugoki/Projet SI/Regime/system/CodeIgniter.php(497): CodeIgniter\CodeIgniter->runController()
#9 /home/hatsugoki/Projet SI/Regime/system/CodeIgniter.php(340): CodeIgniter\CodeIgniter->handleRequest()
#10 /home/hatsugoki/Projet SI/Regime/system/Boot.php(417): CodeIgniter\CodeIgniter->run()
#11 /home/hatsugoki/Projet SI/Regime/system/Boot.php(68): CodeIgniter\Boot::runCodeIgniter()
#12 /home/hatsugoki/Projet SI/Regime/public/index.php(59): CodeIgniter\Boot::bootWeb()
#13 {main}

Next CodeIgniter\Database\Exceptions\DatabaseException: No such file or directory in /home/hatsugoki/Projet SI/Regime/system/Database/MySQLi/Connection.php:231
Stack trace:
#0 /home/hatsugoki/Projet SI/Regime/system/Database/BaseConnection.php(555): CodeIgniter\Database\MySQLi\Connection->connect()
#1 /home/hatsugoki/Projet SI/Regime/system/Database/BaseConnection.php(795): CodeIgniter\Database\BaseConnection->initialize()
#2 /home/hatsugoki/Projet SI/Regime/system/Database/BaseBuilder.php(1649): CodeIgniter\Database\BaseConnection->query()
#3 /home/hatsugoki/Projet SI/Regime/system/Model.php(295): CodeIgniter\Database\BaseBuilder->get()
#4 /home/hatsugoki/Projet SI/Regime/system/BaseModel.php(714): CodeIgniter\Model->doFirst()
#5 /home/hatsugoki/Projet SI/Regime/app/Controllers/AuthController.php(169): CodeIgniter\BaseModel->first()
#6 /home/hatsugoki/Projet SI/Regime/system/CodeIgniter.php(951): App\Controllers\AuthController->login()
#7 /home/hatsugoki/Projet SI/Regime/system/CodeIgniter.php(497): CodeIgniter\CodeIgniter->runController()
#8 /home/hatsugoki/Projet SI/Regime/system/CodeIgniter.php(340): CodeIgniter\CodeIgniter->handleRequest()
#9 /home/hatsugoki/Projet SI/Regime/system/Boot.php(417): CodeIgniter\CodeIgniter->run()
#10 /home/hatsugoki/Projet SI/Regime/system/Boot.php(68): CodeIgniter\Boot::runCodeIgniter()
#11 /home/hatsugoki/Projet SI/Regime/public/index.php(59): CodeIgniter\Boot::bootWeb()
#12 {main}
CRITICAL - 2026-05-09 17:08:23 --> CodeIgniter\Database\Exceptions\DatabaseException: Unable to connect to the database.
Main connection [MySQLi]: No such file or directory
[Method: POST, Route: login]
in SYSTEMPATH/Database/BaseConnection.php on line 606.
 1 SYSTEMPATH/Database/BaseConnection.php(795): CodeIgniter\Database\BaseConnection->initialize()
 2 SYSTEMPATH/Database/BaseBuilder.php(1649): CodeIgniter\Database\BaseConnection->query()
 3 SYSTEMPATH/Model.php(295): CodeIgniter\Database\BaseBuilder->get()
 4 SYSTEMPATH/BaseModel.php(714): CodeIgniter\Model->doFirst()
 5 APPPATH/Controllers/AuthController.php(169): CodeIgniter\BaseModel->first()
 6 SYSTEMPATH/CodeIgniter.php(951): App\Controllers\AuthController->login()
 7 SYSTEMPATH/CodeIgniter.php(497): CodeIgniter\CodeIgniter->runController()
 8 SYSTEMPATH/CodeIgniter.php(340): CodeIgniter\CodeIgniter->handleRequest()
 9 SYSTEMPATH/Boot.php(417): CodeIgniter\CodeIgniter->run()
10 SYSTEMPATH/Boot.php(68): CodeIgniter\Boot::runCodeIgniter()
11 FCPATH/index.php(59): CodeIgniter\Boot::bootWeb()
ERROR - 2026-05-09 17:08:24 --> Error connecting to the database: mysqli_sql_exception: No such file or directory in /home/hatsugoki/Projet SI/Regime/system/Database/MySQLi/Connection.php:201
Stack trace:
#0 /home/hatsugoki/Projet SI/Regime/system/Database/MySQLi/Connection.php(201): mysqli->real_connect()
#1 /home/hatsugoki/Projet SI/Regime/system/Database/BaseConnection.php(555): CodeIgniter\Database\MySQLi\Connection->connect()
#2 /home/hatsugoki/Projet SI/Regime/system/Database/BaseConnection.php(795): CodeIgniter\Database\BaseConnection->initialize()
#3 /home/hatsugoki/Projet SI/Regime/system/Database/BaseBuilder.php(1649): CodeIgniter\Database\BaseConnection->query()
#4 /home/hatsugoki/Projet SI/Regime/system/Model.php(253): CodeIgniter\Database\BaseBuilder->get()
#5 /home/hatsugoki/Projet SI/Regime/system/BaseModel.php(676): CodeIgniter\Model->doFindAll()
#6 /home/hatsugoki/Projet SI/Regime/app/Controllers/AuthController.php(44): CodeIgniter\BaseModel->findAll()
#7 /home/hatsugoki/Projet SI/Regime/app/Controllers/AuthController.php(235): App\Controllers\AuthController->getGenres()
#8 /home/hatsugoki/Projet SI/Regime/system/CodeIgniter.php(951): App\Controllers\AuthController->registerForm()
#9 /home/hatsugoki/Projet SI/Regime/system/CodeIgniter.php(497): CodeIgniter\CodeIgniter->runController()
#10 /home/hatsugoki/Projet SI/Regime/system/CodeIgniter.php(340): CodeIgniter\CodeIgniter->handleRequest()
#11 /home/hatsugoki/Projet SI/Regime/system/Boot.php(417): CodeIgniter\CodeIgniter->run()
#12 /home/hatsugoki/Projet SI/Regime/system/Boot.php(68): CodeIgniter\Boot::runCodeIgniter()
#13 /home/hatsugoki/Projet SI/Regime/public/index.php(59): CodeIgniter\Boot::bootWeb()
#14 {main}

Next CodeIgniter\Database\Exceptions\DatabaseException: No such file or directory in /home/hatsugoki/Projet SI/Regime/system/Database/MySQLi/Connection.php:231
Stack trace:
#0 /home/hatsugoki/Projet SI/Regime/system/Database/BaseConnection.php(555): CodeIgniter\Database\MySQLi\Connection->connect()
#1 /home/hatsugoki/Projet SI/Regime/system/Database/BaseConnection.php(795): CodeIgniter\Database\BaseConnection->initialize()
#2 /home/hatsugoki/Projet SI/Regime/system/Database/BaseBuilder.php(1649): CodeIgniter\Database\BaseConnection->query()
#3 /home/hatsugoki/Projet SI/Regime/system/Model.php(253): CodeIgniter\Database\BaseBuilder->get()
#4 /home/hatsugoki/Projet SI/Regime/system/BaseModel.php(676): CodeIgniter\Model->doFindAll()
#5 /home/hatsugoki/Projet SI/Regime/app/Controllers/AuthController.php(44): CodeIgniter\BaseModel->findAll()
#6 /home/hatsugoki/Projet SI/Regime/app/Controllers/AuthController.php(235): App\Controllers\AuthController->getGenres()
#7 /home/hatsugoki/Projet SI/Regime/system/CodeIgniter.php(951): App\Controllers\AuthController->registerForm()
#8 /home/hatsugoki/Projet SI/Regime/system/CodeIgniter.php(497): CodeIgniter\CodeIgniter->runController()
#9 /home/hatsugoki/Projet SI/Regime/system/CodeIgniter.php(340): CodeIgniter\CodeIgniter->handleRequest()
#10 /home/hatsugoki/Projet SI/Regime/system/Boot.php(417): CodeIgniter\CodeIgniter->run()
#11 /home/hatsugoki/Projet SI/Regime/system/Boot.php(68): CodeIgniter\Boot::runCodeIgniter()
#12 /home/hatsugoki/Projet SI/Regime/public/index.php(59): CodeIgniter\Boot::bootWeb()
#13 {main}
ERROR - 2026-05-09 17:08:36 --> Error connecting to the database: mysqli_sql_exception: No such file or directory in /home/hatsugoki/Projet SI/Regime/system/Database/MySQLi/Connection.php:201
Stack trace:
#0 /home/hatsugoki/Projet SI/Regime/system/Database/MySQLi/Connection.php(201): mysqli->real_connect()
#1 /home/hatsugoki/Projet SI/Regime/system/Database/BaseConnection.php(555): CodeIgniter\Database\MySQLi\Connection->connect()
#2 /home/hatsugoki/Projet SI/Regime/system/Database/BaseConnection.php(795): CodeIgniter\Database\BaseConnection->initialize()
#3 /home/hatsugoki/Projet SI/Regime/system/Database/BaseBuilder.php(1649): CodeIgniter\Database\BaseConnection->query()
#4 /home/hatsugoki/Projet SI/Regime/system/Validation/Rules.php(175): CodeIgniter\Database\BaseBuilder->get()
#5 /home/hatsugoki/Projet SI/Regime/system/Validation/StrictRules/Rules.php(187): CodeIgniter\Validation\Rules->is_unique()
#6 /home/hatsugoki/Projet SI/Regime/system/Validation/Validation.php(345): CodeIgniter\Validation\StrictRules\Rules->is_unique()
#7 /home/hatsugoki/Projet SI/Regime/system/Validation/Validation.php(210): CodeIgniter\Validation\Validation->processRules()
#8 /home/hatsugoki/Projet SI/Regime/system/Controller.php(136): CodeIgniter\Validation\Validation->run()
#9 /home/hatsugoki/Projet SI/Regime/app/Controllers/AuthController.php(263): CodeIgniter\Controller->validate()
#10 /home/hatsugoki/Projet SI/Regime/system/CodeIgniter.php(951): App\Controllers\AuthController->register()
#11 /home/hatsugoki/Projet SI/Regime/system/CodeIgniter.php(497): CodeIgniter\CodeIgniter->runController()
#12 /home/hatsugoki/Projet SI/Regime/system/CodeIgniter.php(340): CodeIgniter\CodeIgniter->handleRequest()
#13 /home/hatsugoki/Projet SI/Regime/system/Boot.php(417): CodeIgniter\CodeIgniter->run()
#14 /home/hatsugoki/Projet SI/Regime/system/Boot.php(68): CodeIgniter\Boot::runCodeIgniter()
#15 /home/hatsugoki/Projet SI/Regime/public/index.php(59): CodeIgniter\Boot::bootWeb()
#16 {main}

Next CodeIgniter\Database\Exceptions\DatabaseException: No such file or directory in /home/hatsugoki/Projet SI/Regime/system/Database/MySQLi/Connection.php:231
Stack trace:
#0 /home/hatsugoki/Projet SI/Regime/system/Database/BaseConnection.php(555): CodeIgniter\Database\MySQLi\Connection->connect()
#1 /home/hatsugoki/Projet SI/Regime/system/Database/BaseConnection.php(795): CodeIgniter\Database\BaseConnection->initialize()
#2 /home/hatsugoki/Projet SI/Regime/system/Database/BaseBuilder.php(1649): CodeIgniter\Database\BaseConnection->query()
#3 /home/hatsugoki/Projet SI/Regime/system/Validation/Rules.php(175): CodeIgniter\Database\BaseBuilder->get()
#4 /home/hatsugoki/Projet SI/Regime/system/Validation/StrictRules/Rules.php(187): CodeIgniter\Validation\Rules->is_unique()
#5 /home/hatsugoki/Projet SI/Regime/system/Validation/Validation.php(345): CodeIgniter\Validation\StrictRules\Rules->is_unique()
#6 /home/hatsugoki/Projet SI/Regime/system/Validation/Validation.php(210): CodeIgniter\Validation\Validation->processRules()
#7 /home/hatsugoki/Projet SI/Regime/system/Controller.php(136): CodeIgniter\Validation\Validation->run()
#8 /home/hatsugoki/Projet SI/Regime/app/Controllers/AuthController.php(263): CodeIgniter\Controller->validate()
#9 /home/hatsugoki/Projet SI/Regime/system/CodeIgniter.php(951): App\Controllers\AuthController->register()
#10 /home/hatsugoki/Projet SI/Regime/system/CodeIgniter.php(497): CodeIgniter\CodeIgniter->runController()
#11 /home/hatsugoki/Projet SI/Regime/system/CodeIgniter.php(340): CodeIgniter\CodeIgniter->handleRequest()
#12 /home/hatsugoki/Projet SI/Regime/system/Boot.php(417): CodeIgniter\CodeIgniter->run()
#13 /home/hatsugoki/Projet SI/Regime/system/Boot.php(68): CodeIgniter\Boot::runCodeIgniter()
#14 /home/hatsugoki/Projet SI/Regime/public/index.php(59): CodeIgniter\Boot::bootWeb()
#15 {main}
CRITICAL - 2026-05-09 17:08:36 --> CodeIgniter\Database\Exceptions\DatabaseException: Unable to connect to the database.
Main connection [MySQLi]: No such file or directory
[Method: POST, Route: inscription]
in SYSTEMPATH/Database/BaseConnection.php on line 606.
 1 SYSTEMPATH/Database/BaseConnection.php(795): CodeIgniter\Database\BaseConnection->initialize()
 2 SYSTEMPATH/Database/BaseBuilder.php(1649): CodeIgniter\Database\BaseConnection->query()
 3 SYSTEMPATH/Validation/Rules.php(175): CodeIgniter\Database\BaseBuilder->get()
 4 SYSTEMPATH/Validation/StrictRules/Rules.php(187): CodeIgniter\Validation\Rules->is_unique()
 5 SYSTEMPATH/Validation/Validation.php(345): CodeIgniter\Validation\StrictRules\Rules->is_unique()
 6 SYSTEMPATH/Validation/Validation.php(210): CodeIgniter\Validation\Validation->processRules()
 7 SYSTEMPATH/Controller.php(136): CodeIgniter\Validation\Validation->run()
 8 APPPATH/Controllers/AuthController.php(263): CodeIgniter\Controller->validate()
 9 SYSTEMPATH/CodeIgniter.php(951): App\Controllers\AuthController->register()
10 SYSTEMPATH/CodeIgniter.php(497): CodeIgniter\CodeIgniter->runController()
11 SYSTEMPATH/CodeIgniter.php(340): CodeIgniter\CodeIgniter->handleRequest()
12 SYSTEMPATH/Boot.php(417): CodeIgniter\CodeIgniter->run()
13 SYSTEMPATH/Boot.php(68): CodeIgniter\Boot::runCodeIgniter()
14 FCPATH/index.php(59): CodeIgniter\Boot::bootWeb()
ERROR - 2026-05-09 17:08:37 --> Error connecting to the database: mysqli_sql_exception: No such file or directory in /home/hatsugoki/Projet SI/Regime/system/Database/MySQLi/Connection.php:201
Stack trace:
#0 /home/hatsugoki/Projet SI/Regime/system/Database/MySQLi/Connection.php(201): mysqli->real_connect()
#1 /home/hatsugoki/Projet SI/Regime/system/Database/BaseConnection.php(555): CodeIgniter\Database\MySQLi\Connection->connect()
#2 /home/hatsugoki/Projet SI/Regime/system/Database/BaseConnection.php(795): CodeIgniter\Database\BaseConnection->initialize()
#3 /home/hatsugoki/Projet SI/Regime/system/Database/BaseBuilder.php(1649): CodeIgniter\Database\BaseConnection->query()
#4 /home/hatsugoki/Projet SI/Regime/system/Validation/Rules.php(175): CodeIgniter\Database\BaseBuilder->get()
#5 /home/hatsugoki/Projet SI/Regime/system/Validation/StrictRules/Rules.php(187): CodeIgniter\Validation\Rules->is_unique()
#6 /home/hatsugoki/Projet SI/Regime/system/Validation/Validation.php(345): CodeIgniter\Validation\StrictRules\Rules->is_unique()
#7 /home/hatsugoki/Projet SI/Regime/system/Validation/Validation.php(210): CodeIgniter\Validation\Validation->processRules()
#8 /home/hatsugoki/Projet SI/Regime/system/Controller.php(136): CodeIgniter\Validation\Validation->run()
#9 /home/hatsugoki/Projet SI/Regime/app/Controllers/AuthController.php(263): CodeIgniter\Controller->validate()
#10 /home/hatsugoki/Projet SI/Regime/system/CodeIgniter.php(951): App\Controllers\AuthController->register()
#11 /home/hatsugoki/Projet SI/Regime/system/CodeIgniter.php(497): CodeIgniter\CodeIgniter->runController()
#12 /home/hatsugoki/Projet SI/Regime/system/CodeIgniter.php(340): CodeIgniter\CodeIgniter->handleRequest()
#13 /home/hatsugoki/Projet SI/Regime/system/Boot.php(417): CodeIgniter\CodeIgniter->run()
#14 /home/hatsugoki/Projet SI/Regime/system/Boot.php(68): CodeIgniter\Boot::runCodeIgniter()
#15 /home/hatsugoki/Projet SI/Regime/public/index.php(59): CodeIgniter\Boot::bootWeb()
#16 {main}

Next CodeIgniter\Database\Exceptions\DatabaseException: No such file or directory in /home/hatsugoki/Projet SI/Regime/system/Database/MySQLi/Connection.php:231
Stack trace:
#0 /home/hatsugoki/Projet SI/Regime/system/Database/BaseConnection.php(555): CodeIgniter\Database\MySQLi\Connection->connect()
#1 /home/hatsugoki/Projet SI/Regime/system/Database/BaseConnection.php(795): CodeIgniter\Database\BaseConnection->initialize()
#2 /home/hatsugoki/Projet SI/Regime/system/Database/BaseBuilder.php(1649): CodeIgniter\Database\BaseConnection->query()
#3 /home/hatsugoki/Projet SI/Regime/system/Validation/Rules.php(175): CodeIgniter\Database\BaseBuilder->get()
#4 /home/hatsugoki/Projet SI/Regime/system/Validation/StrictRules/Rules.php(187): CodeIgniter\Validation\Rules->is_unique()
#5 /home/hatsugoki/Projet SI/Regime/system/Validation/Validation.php(345): CodeIgniter\Validation\StrictRules\Rules->is_unique()
#6 /home/hatsugoki/Projet SI/Regime/system/Validation/Validation.php(210): CodeIgniter\Validation\Validation->processRules()
#7 /home/hatsugoki/Projet SI/Regime/system/Controller.php(136): CodeIgniter\Validation\Validation->run()
#8 /home/hatsugoki/Projet SI/Regime/app/Controllers/AuthController.php(263): CodeIgniter\Controller->validate()
#9 /home/hatsugoki/Projet SI/Regime/system/CodeIgniter.php(951): App\Controllers\AuthController->register()
#10 /home/hatsugoki/Projet SI/Regime/system/CodeIgniter.php(497): CodeIgniter\CodeIgniter->runController()
#11 /home/hatsugoki/Projet SI/Regime/system/CodeIgniter.php(340): CodeIgniter\CodeIgniter->handleRequest()
#12 /home/hatsugoki/Projet SI/Regime/system/Boot.php(417): CodeIgniter\CodeIgniter->run()
#13 /home/hatsugoki/Projet SI/Regime/system/Boot.php(68): CodeIgniter\Boot::runCodeIgniter()
#14 /home/hatsugoki/Projet SI/Regime/public/index.php(59): CodeIgniter\Boot::bootWeb()
#15 {main}
CRITICAL - 2026-05-09 17:08:37 --> CodeIgniter\Database\Exceptions\DatabaseException: Unable to connect to the database.
Main connection [MySQLi]: No such file or directory
[Method: POST, Route: inscription]
in SYSTEMPATH/Database/BaseConnection.php on line 606.
 1 SYSTEMPATH/Database/BaseConnection.php(795): CodeIgniter\Database\BaseConnection->initialize()
 2 SYSTEMPATH/Database/BaseBuilder.php(1649): CodeIgniter\Database\BaseConnection->query()
 3 SYSTEMPATH/Validation/Rules.php(175): CodeIgniter\Database\BaseBuilder->get()
 4 SYSTEMPATH/Validation/StrictRules/Rules.php(187): CodeIgniter\Validation\Rules->is_unique()
 5 SYSTEMPATH/Validation/Validation.php(345): CodeIgniter\Validation\StrictRules\Rules->is_unique()
 6 SYSTEMPATH/Validation/Validation.php(210): CodeIgniter\Validation\Validation->processRules()
 7 SYSTEMPATH/Controller.php(136): CodeIgniter\Validation\Validation->run()
 8 APPPATH/Controllers/AuthController.php(263): CodeIgniter\Controller->validate()
 9 SYSTEMPATH/CodeIgniter.php(951): App\Controllers\AuthController->register()
10 SYSTEMPATH/CodeIgniter.php(497): CodeIgniter\CodeIgniter->runController()
11 SYSTEMPATH/CodeIgniter.php(340): CodeIgniter\CodeIgniter->handleRequest()
12 SYSTEMPATH/Boot.php(417): CodeIgniter\CodeIgniter->run()
13 SYSTEMPATH/Boot.php(68): CodeIgniter\Boot::runCodeIgniter()
14 FCPATH/index.php(59): CodeIgniter\Boot::bootWeb()
ERROR - 2026-05-09 17:08:37 --> Error connecting to the database: mysqli_sql_exception: No such file or directory in /home/hatsugoki/Projet SI/Regime/system/Database/MySQLi/Connection.php:201
Stack trace:
#0 /home/hatsugoki/Projet SI/Regime/system/Database/MySQLi/Connection.php(201): mysqli->real_connect()
#1 /home/hatsugoki/Projet SI/Regime/system/Database/BaseConnection.php(555): CodeIgniter\Database\MySQLi\Connection->connect()
#2 /home/hatsugoki/Projet SI/Regime/system/Database/BaseConnection.php(795): CodeIgniter\Database\BaseConnection->initialize()
#3 /home/hatsugoki/Projet SI/Regime/system/Database/BaseBuilder.php(1649): CodeIgniter\Database\BaseConnection->query()
#4 /home/hatsugoki/Projet SI/Regime/system/Validation/Rules.php(175): CodeIgniter\Database\BaseBuilder->get()
#5 /home/hatsugoki/Projet SI/Regime/system/Validation/StrictRules/Rules.php(187): CodeIgniter\Validation\Rules->is_unique()
#6 /home/hatsugoki/Projet SI/Regime/system/Validation/Validation.php(345): CodeIgniter\Validation\StrictRules\Rules->is_unique()
#7 /home/hatsugoki/Projet SI/Regime/system/Validation/Validation.php(210): CodeIgniter\Validation\Validation->processRules()
#8 /home/hatsugoki/Projet SI/Regime/system/Controller.php(136): CodeIgniter\Validation\Validation->run()
#9 /home/hatsugoki/Projet SI/Regime/app/Controllers/AuthController.php(263): CodeIgniter\Controller->validate()
#10 /home/hatsugoki/Projet SI/Regime/system/CodeIgniter.php(951): App\Controllers\AuthController->register()
#11 /home/hatsugoki/Projet SI/Regime/system/CodeIgniter.php(497): CodeIgniter\CodeIgniter->runController()
#12 /home/hatsugoki/Projet SI/Regime/system/CodeIgniter.php(340): CodeIgniter\CodeIgniter->handleRequest()
#13 /home/hatsugoki/Projet SI/Regime/system/Boot.php(417): CodeIgniter\CodeIgniter->run()
#14 /home/hatsugoki/Projet SI/Regime/system/Boot.php(68): CodeIgniter\Boot::runCodeIgniter()
#15 /home/hatsugoki/Projet SI/Regime/public/index.php(59): CodeIgniter\Boot::bootWeb()
#16 {main}

Next CodeIgniter\Database\Exceptions\DatabaseException: No such file or directory in /home/hatsugoki/Projet SI/Regime/system/Database/MySQLi/Connection.php:231
Stack trace:
#0 /home/hatsugoki/Projet SI/Regime/system/Database/BaseConnection.php(555): CodeIgniter\Database\MySQLi\Connection->connect()
#1 /home/hatsugoki/Projet SI/Regime/system/Database/BaseConnection.php(795): CodeIgniter\Database\BaseConnection->initialize()
#2 /home/hatsugoki/Projet SI/Regime/system/Database/BaseBuilder.php(1649): CodeIgniter\Database\BaseConnection->query()
#3 /home/hatsugoki/Projet SI/Regime/system/Validation/Rules.php(175): CodeIgniter\Database\BaseBuilder->get()
#4 /home/hatsugoki/Projet SI/Regime/system/Validation/StrictRules/Rules.php(187): CodeIgniter\Validation\Rules->is_unique()
#5 /home/hatsugoki/Projet SI/Regime/system/Validation/Validation.php(345): CodeIgniter\Validation\StrictRules\Rules->is_unique()
#6 /home/hatsugoki/Projet SI/Regime/system/Validation/Validation.php(210): CodeIgniter\Validation\Validation->processRules()
#7 /home/hatsugoki/Projet SI/Regime/system/Controller.php(136): CodeIgniter\Validation\Validation->run()
#8 /home/hatsugoki/Projet SI/Regime/app/Controllers/AuthController.php(263): CodeIgniter\Controller->validate()
#9 /home/hatsugoki/Projet SI/Regime/system/CodeIgniter.php(951): App\Controllers\AuthController->register()
#10 /home/hatsugoki/Projet SI/Regime/system/CodeIgniter.php(497): CodeIgniter\CodeIgniter->runController()
#11 /home/hatsugoki/Projet SI/Regime/system/CodeIgniter.php(340): CodeIgniter\CodeIgniter->handleRequest()
#12 /home/hatsugoki/Projet SI/Regime/system/Boot.php(417): CodeIgniter\CodeIgniter->run()
#13 /home/hatsugoki/Projet SI/Regime/system/Boot.php(68): CodeIgniter\Boot::runCodeIgniter()
#14 /home/hatsugoki/Projet SI/Regime/public/index.php(59): CodeIgniter\Boot::bootWeb()
#15 {main}
CRITICAL - 2026-05-09 17:08:37 --> CodeIgniter\Database\Exceptions\DatabaseException: Unable to connect to the database.
Main connection [MySQLi]: No such file or directory
[Method: POST, Route: inscription]
in SYSTEMPATH/Database/BaseConnection.php on line 606.
 1 SYSTEMPATH/Database/BaseConnection.php(795): CodeIgniter\Database\BaseConnection->initialize()
 2 SYSTEMPATH/Database/BaseBuilder.php(1649): CodeIgniter\Database\BaseConnection->query()
 3 SYSTEMPATH/Validation/Rules.php(175): CodeIgniter\Database\BaseBuilder->get()
 4 SYSTEMPATH/Validation/StrictRules/Rules.php(187): CodeIgniter\Validation\Rules->is_unique()
 5 SYSTEMPATH/Validation/Validation.php(345): CodeIgniter\Validation\StrictRules\Rules->is_unique()
 6 SYSTEMPATH/Validation/Validation.php(210): CodeIgniter\Validation\Validation->processRules()
 7 SYSTEMPATH/Controller.php(136): CodeIgniter\Validation\Validation->run()
 8 APPPATH/Controllers/AuthController.php(263): CodeIgniter\Controller->validate()
 9 SYSTEMPATH/CodeIgniter.php(951): App\Controllers\AuthController->register()
10 SYSTEMPATH/CodeIgniter.php(497): CodeIgniter\CodeIgniter->runController()
11 SYSTEMPATH/CodeIgniter.php(340): CodeIgniter\CodeIgniter->handleRequest()
12 SYSTEMPATH/Boot.php(417): CodeIgniter\CodeIgniter->run()
13 SYSTEMPATH/Boot.php(68): CodeIgniter\Boot::runCodeIgniter()
14 FCPATH/index.php(59): CodeIgniter\Boot::bootWeb()
